D:\BiYe\Gan\Demoise\data\test_000001.png,0
D:\BiYe\Gan\Demoise\data\test_0000010.png,1
D:\BiYe\Gan\Demoise\data\test_00000100.png,2
D:\BiYe\Gan\Demoise\data\test_00000101.png,3
D:\BiYe\Gan\Demoise\data\test_00000102.png,4
D:\BiYe\Gan\Demoise\data\test_00000103.png,5
D:\BiYe\Gan\Demoise\data\test_00000104.png,6
D:\BiYe\Gan\Demoise\data\test_00000105.png,7
D:\BiYe\Gan\Demoise\data\test_00000106.png,8
D:\BiYe\Gan\Demoise\data\test_00000107.png,9
D:\BiYe\Gan\Demoise\data\test_00000108.png,10
D:\BiYe\Gan\Demoise\data\test_00000109.png,11
D:\BiYe\Gan\Demoise\data\test_0000011.png,12
D:\BiYe\Gan\Demoise\data\test_00000110.png,13
D:\BiYe\Gan\Demoise\data\test_00000111.png,14
D:\BiYe\Gan\Demoise\data\test_00000112.png,15
D:\BiYe\Gan\Demoise\data\test_00000113.png,16
D:\BiYe\Gan\Demoise\data\test_00000114.png,17
D:\BiYe\Gan\Demoise\data\test_00000115.png,18
D:\BiYe\Gan\Demoise\data\test_00000116.png,19
D:\BiYe\Gan\Demoise\data\test_00000117.png,20
D:\BiYe\Gan\Demoise\data\test_00000118.png,21
D:\BiYe\Gan\Demoise\data\test_00000119.png,22
D:\BiYe\Gan\Demoise\data\test_0000012.png,23
D:\BiYe\Gan\Demoise\data\test_00000120.png,24
D:\BiYe\Gan\Demoise\data\test_00000121.png,25
D:\BiYe\Gan\Demoise\data\test_00000122.png,26
D:\BiYe\Gan\Demoise\data\test_00000123.png,27
D:\BiYe\Gan\Demoise\data\test_00000124.png,28
D:\BiYe\Gan\Demoise\data\test_00000125.png,29
D:\BiYe\Gan\Demoise\data\test_00000126.png,30
D:\BiYe\Gan\Demoise\data\test_00000127.png,31
D:\BiYe\Gan\Demoise\data\test_00000128.png,32
D:\BiYe\Gan\Demoise\data\test_00000129.png,33
D:\BiYe\Gan\Demoise\data\test_0000013.png,34
D:\BiYe\Gan\Demoise\data\test_00000130.png,35
D:\BiYe\Gan\Demoise\data\test_00000131.png,36
D:\BiYe\Gan\Demoise\data\test_00000132.png,37
D:\BiYe\Gan\Demoise\data\test_00000133.png,38
D:\BiYe\Gan\Demoise\data\test_00000134.png,39
D:\BiYe\Gan\Demoise\data\test_00000135.png,40
D:\BiYe\Gan\Demoise\data\test_00000136.png,41
D:\BiYe\Gan\Demoise\data\test_00000137.png,42
D:\BiYe\Gan\Demoise\data\test_00000138.png,43
D:\BiYe\Gan\Demoise\data\test_00000139.png,44
D:\BiYe\Gan\Demoise\data\test_0000014.png,45
D:\BiYe\Gan\Demoise\data\test_00000140.png,46
D:\BiYe\Gan\Demoise\data\test_00000141.png,47
D:\BiYe\Gan\Demoise\data\test_00000142.png,48
D:\BiYe\Gan\Demoise\data\test_00000143.png,49
D:\BiYe\Gan\Demoise\data\test_00000144.png,50
D:\BiYe\Gan\Demoise\data\test_00000145.png,51
D:\BiYe\Gan\Demoise\data\test_00000146.png,52
D:\BiYe\Gan\Demoise\data\test_00000147.png,53
D:\BiYe\Gan\Demoise\data\test_00000148.png,54
D:\BiYe\Gan\Demoise\data\test_00000149.png,55
D:\BiYe\Gan\Demoise\data\test_0000015.png,56
D:\BiYe\Gan\Demoise\data\test_00000150.png,57
D:\BiYe\Gan\Demoise\data\test_00000151.png,58
D:\BiYe\Gan\Demoise\data\test_00000152.png,59
D:\BiYe\Gan\Demoise\data\test_00000153.png,60
D:\BiYe\Gan\Demoise\data\test_00000154.png,61
D:\BiYe\Gan\Demoise\data\test_00000155.png,62
D:\BiYe\Gan\Demoise\data\test_00000156.png,63
D:\BiYe\Gan\Demoise\data\test_00000157.png,64
D:\BiYe\Gan\Demoise\data\test_00000158.png,65
D:\BiYe\Gan\Demoise\data\test_00000159.png,66
D:\BiYe\Gan\Demoise\data\test_0000016.png,67
D:\BiYe\Gan\Demoise\data\test_00000160.png,68
D:\BiYe\Gan\Demoise\data\test_00000161.png,69
D:\BiYe\Gan\Demoise\data\test_00000162.png,70
D:\BiYe\Gan\Demoise\data\test_00000163.png,71
D:\BiYe\Gan\Demoise\data\test_00000164.png,72
D:\BiYe\Gan\Demoise\data\test_00000165.png,73
D:\BiYe\Gan\Demoise\data\test_00000166.png,74
D:\BiYe\Gan\Demoise\data\test_00000167.png,75
D:\BiYe\Gan\Demoise\data\test_00000168.png,76
D:\BiYe\Gan\Demoise\data\test_00000169.png,77
D:\BiYe\Gan\Demoise\data\test_0000017.png,78
D:\BiYe\Gan\Demoise\data\test_00000170.png,79
D:\BiYe\Gan\Demoise\data\test_00000171.png,80
D:\BiYe\Gan\Demoise\data\test_00000172.png,81
D:\BiYe\Gan\Demoise\data\test_00000173.png,82
D:\BiYe\Gan\Demoise\data\test_00000174.png,83
D:\BiYe\Gan\Demoise\data\test_00000175.png,84
D:\BiYe\Gan\Demoise\data\test_00000176.png,85
D:\BiYe\Gan\Demoise\data\test_00000177.png,86
D:\BiYe\Gan\Demoise\data\test_00000178.png,87
D:\BiYe\Gan\Demoise\data\test_00000179.png,88
D:\BiYe\Gan\Demoise\data\test_0000018.png,89
D:\BiYe\Gan\Demoise\data\test_00000180.png,90
D:\BiYe\Gan\Demoise\data\test_00000181.png,91
D:\BiYe\Gan\Demoise\data\test_00000182.png,92
D:\BiYe\Gan\Demoise\data\test_00000183.png,93
D:\BiYe\Gan\Demoise\data\test_00000184.png,94
D:\BiYe\Gan\Demoise\data\test_00000185.png,95
D:\BiYe\Gan\Demoise\data\test_00000186.png,96
D:\BiYe\Gan\Demoise\data\test_00000187.png,97
D:\BiYe\Gan\Demoise\data\test_00000188.png,98
D:\BiYe\Gan\Demoise\data\test_00000189.png,99
D:\BiYe\Gan\Demoise\data\test_0000019.png,100
D:\BiYe\Gan\Demoise\data\test_00000190.png,101
D:\BiYe\Gan\Demoise\data\test_00000191.png,102
D:\BiYe\Gan\Demoise\data\test_00000192.png,103
D:\BiYe\Gan\Demoise\data\test_00000193.png,104
D:\BiYe\Gan\Demoise\data\test_00000194.png,105
D:\BiYe\Gan\Demoise\data\test_00000195.png,106
D:\BiYe\Gan\Demoise\data\test_00000196.png,107
D:\BiYe\Gan\Demoise\data\test_00000197.png,108
D:\BiYe\Gan\Demoise\data\test_00000198.png,109
D:\BiYe\Gan\Demoise\data\test_00000199.png,110
D:\BiYe\Gan\Demoise\data\test_000002.png,111
D:\BiYe\Gan\Demoise\data\test_0000020.png,112
D:\BiYe\Gan\Demoise\data\test_00000200.png,113
D:\BiYe\Gan\Demoise\data\test_00000201.png,114
D:\BiYe\Gan\Demoise\data\test_00000202.png,115
D:\BiYe\Gan\Demoise\data\test_00000203.png,116
D:\BiYe\Gan\Demoise\data\test_00000204.png,117
D:\BiYe\Gan\Demoise\data\test_00000205.png,118
D:\BiYe\Gan\Demoise\data\test_00000206.png,119
D:\BiYe\Gan\Demoise\data\test_00000207.png,120
D:\BiYe\Gan\Demoise\data\test_00000208.png,121
D:\BiYe\Gan\Demoise\data\test_00000209.png,122
D:\BiYe\Gan\Demoise\data\test_0000021.png,123
D:\BiYe\Gan\Demoise\data\test_00000210.png,124
D:\BiYe\Gan\Demoise\data\test_00000211.png,125
D:\BiYe\Gan\Demoise\data\test_00000212.png,126
D:\BiYe\Gan\Demoise\data\test_00000213.png,127
D:\BiYe\Gan\Demoise\data\test_00000214.png,128
D:\BiYe\Gan\Demoise\data\test_00000215.png,129
D:\BiYe\Gan\Demoise\data\test_00000216.png,130
D:\BiYe\Gan\Demoise\data\test_00000217.png,131
D:\BiYe\Gan\Demoise\data\test_00000218.png,132
D:\BiYe\Gan\Demoise\data\test_00000219.png,133
D:\BiYe\Gan\Demoise\data\test_0000022.png,134
D:\BiYe\Gan\Demoise\data\test_00000220.png,135
D:\BiYe\Gan\Demoise\data\test_00000221.png,136
D:\BiYe\Gan\Demoise\data\test_00000222.png,137
D:\BiYe\Gan\Demoise\data\test_00000223.png,138
D:\BiYe\Gan\Demoise\data\test_00000224.png,139
D:\BiYe\Gan\Demoise\data\test_00000225.png,140
D:\BiYe\Gan\Demoise\data\test_00000226.png,141
D:\BiYe\Gan\Demoise\data\test_00000227.png,142
D:\BiYe\Gan\Demoise\data\test_00000228.png,143
D:\BiYe\Gan\Demoise\data\test_00000229.png,144
D:\BiYe\Gan\Demoise\data\test_0000023.png,145
D:\BiYe\Gan\Demoise\data\test_00000230.png,146
D:\BiYe\Gan\Demoise\data\test_00000231.png,147
D:\BiYe\Gan\Demoise\data\test_00000232.png,148
D:\BiYe\Gan\Demoise\data\test_00000233.png,149
D:\BiYe\Gan\Demoise\data\test_00000234.png,150
D:\BiYe\Gan\Demoise\data\test_00000235.png,151
D:\BiYe\Gan\Demoise\data\test_00000236.png,152
D:\BiYe\Gan\Demoise\data\test_00000237.png,153
D:\BiYe\Gan\Demoise\data\test_00000238.png,154
D:\BiYe\Gan\Demoise\data\test_00000239.png,155
D:\BiYe\Gan\Demoise\data\test_0000024.png,156
D:\BiYe\Gan\Demoise\data\test_00000240.png,157
D:\BiYe\Gan\Demoise\data\test_00000241.png,158
D:\BiYe\Gan\Demoise\data\test_00000242.png,159
D:\BiYe\Gan\Demoise\data\test_00000243.png,160
D:\BiYe\Gan\Demoise\data\test_00000244.png,161
D:\BiYe\Gan\Demoise\data\test_00000245.png,162
D:\BiYe\Gan\Demoise\data\test_00000246.png,163
D:\BiYe\Gan\Demoise\data\test_00000247.png,164
D:\BiYe\Gan\Demoise\data\test_00000248.png,165
D:\BiYe\Gan\Demoise\data\test_00000249.png,166
D:\BiYe\Gan\Demoise\data\test_0000025.png,167
D:\BiYe\Gan\Demoise\data\test_00000250.png,168
D:\BiYe\Gan\Demoise\data\test_00000251.png,169
D:\BiYe\Gan\Demoise\data\test_00000252.png,170
D:\BiYe\Gan\Demoise\data\test_00000253.png,171
D:\BiYe\Gan\Demoise\data\test_00000254.png,172
D:\BiYe\Gan\Demoise\data\test_00000255.png,173
D:\BiYe\Gan\Demoise\data\test_00000256.png,174
D:\BiYe\Gan\Demoise\data\test_00000257.png,175
D:\BiYe\Gan\Demoise\data\test_00000258.png,176
D:\BiYe\Gan\Demoise\data\test_00000259.png,177
D:\BiYe\Gan\Demoise\data\test_0000026.png,178
D:\BiYe\Gan\Demoise\data\test_00000260.png,179
D:\BiYe\Gan\Demoise\data\test_00000261.png,180
D:\BiYe\Gan\Demoise\data\test_00000262.png,181
D:\BiYe\Gan\Demoise\data\test_00000263.png,182
D:\BiYe\Gan\Demoise\data\test_00000264.png,183
D:\BiYe\Gan\Demoise\data\test_00000265.png,184
D:\BiYe\Gan\Demoise\data\test_00000266.png,185
D:\BiYe\Gan\Demoise\data\test_00000267.png,186
D:\BiYe\Gan\Demoise\data\test_00000268.png,187
D:\BiYe\Gan\Demoise\data\test_00000269.png,188
D:\BiYe\Gan\Demoise\data\test_0000027.png,189
D:\BiYe\Gan\Demoise\data\test_00000270.png,190
D:\BiYe\Gan\Demoise\data\test_00000271.png,191
D:\BiYe\Gan\Demoise\data\test_00000272.png,192
D:\BiYe\Gan\Demoise\data\test_00000273.png,193
D:\BiYe\Gan\Demoise\data\test_00000274.png,194
D:\BiYe\Gan\Demoise\data\test_00000275.png,195
D:\BiYe\Gan\Demoise\data\test_00000276.png,196
D:\BiYe\Gan\Demoise\data\test_00000277.png,197
D:\BiYe\Gan\Demoise\data\test_00000278.png,198
D:\BiYe\Gan\Demoise\data\test_00000279.png,199
D:\BiYe\Gan\Demoise\data\test_0000028.png,200
D:\BiYe\Gan\Demoise\data\test_00000280.png,201
D:\BiYe\Gan\Demoise\data\test_00000281.png,202
D:\BiYe\Gan\Demoise\data\test_00000282.png,203
D:\BiYe\Gan\Demoise\data\test_00000283.png,204
D:\BiYe\Gan\Demoise\data\test_00000284.png,205
D:\BiYe\Gan\Demoise\data\test_00000285.png,206
D:\BiYe\Gan\Demoise\data\test_00000286.png,207
D:\BiYe\Gan\Demoise\data\test_00000287.png,208
D:\BiYe\Gan\Demoise\data\test_00000288.png,209
D:\BiYe\Gan\Demoise\data\test_00000289.png,210
D:\BiYe\Gan\Demoise\data\test_0000029.png,211
D:\BiYe\Gan\Demoise\data\test_00000290.png,212
D:\BiYe\Gan\Demoise\data\test_00000291.png,213
D:\BiYe\Gan\Demoise\data\test_00000292.png,214
D:\BiYe\Gan\Demoise\data\test_00000293.png,215
D:\BiYe\Gan\Demoise\data\test_00000294.png,216
D:\BiYe\Gan\Demoise\data\test_00000295.png,217
D:\BiYe\Gan\Demoise\data\test_00000296.png,218
D:\BiYe\Gan\Demoise\data\test_00000297.png,219
D:\BiYe\Gan\Demoise\data\test_00000298.png,220
D:\BiYe\Gan\Demoise\data\test_00000299.png,221
D:\BiYe\Gan\Demoise\data\test_000003.png,222
D:\BiYe\Gan\Demoise\data\test_0000030.png,223
D:\BiYe\Gan\Demoise\data\test_00000300.png,224
D:\BiYe\Gan\Demoise\data\test_00000301.png,225
D:\BiYe\Gan\Demoise\data\test_00000302.png,226
D:\BiYe\Gan\Demoise\data\test_00000303.png,227
D:\BiYe\Gan\Demoise\data\test_00000304.png,228
D:\BiYe\Gan\Demoise\data\test_00000305.png,229
D:\BiYe\Gan\Demoise\data\test_00000306.png,230
D:\BiYe\Gan\Demoise\data\test_00000307.png,231
D:\BiYe\Gan\Demoise\data\test_00000308.png,232
D:\BiYe\Gan\Demoise\data\test_00000309.png,233
D:\BiYe\Gan\Demoise\data\test_0000031.png,234
D:\BiYe\Gan\Demoise\data\test_00000310.png,235
D:\BiYe\Gan\Demoise\data\test_00000311.png,236
D:\BiYe\Gan\Demoise\data\test_00000312.png,237
D:\BiYe\Gan\Demoise\data\test_00000313.png,238
D:\BiYe\Gan\Demoise\data\test_00000314.png,239
D:\BiYe\Gan\Demoise\data\test_00000315.png,240
D:\BiYe\Gan\Demoise\data\test_00000316.png,241
D:\BiYe\Gan\Demoise\data\test_00000317.png,242
D:\BiYe\Gan\Demoise\data\test_00000318.png,243
D:\BiYe\Gan\Demoise\data\test_00000319.png,244
D:\BiYe\Gan\Demoise\data\test_0000032.png,245
D:\BiYe\Gan\Demoise\data\test_00000320.png,246
D:\BiYe\Gan\Demoise\data\test_00000321.png,247
D:\BiYe\Gan\Demoise\data\test_00000322.png,248
D:\BiYe\Gan\Demoise\data\test_00000323.png,249
D:\BiYe\Gan\Demoise\data\test_00000324.png,250
D:\BiYe\Gan\Demoise\data\test_00000325.png,251
D:\BiYe\Gan\Demoise\data\test_00000326.png,252
D:\BiYe\Gan\Demoise\data\test_00000327.png,253
D:\BiYe\Gan\Demoise\data\test_00000328.png,254
D:\BiYe\Gan\Demoise\data\test_00000329.png,255
D:\BiYe\Gan\Demoise\data\test_0000033.png,256
D:\BiYe\Gan\Demoise\data\test_00000330.png,257
D:\BiYe\Gan\Demoise\data\test_00000331.png,258
D:\BiYe\Gan\Demoise\data\test_00000332.png,259
D:\BiYe\Gan\Demoise\data\test_00000333.png,260
D:\BiYe\Gan\Demoise\data\test_00000334.png,261
D:\BiYe\Gan\Demoise\data\test_00000335.png,262
D:\BiYe\Gan\Demoise\data\test_00000336.png,263
D:\BiYe\Gan\Demoise\data\test_00000337.png,264
D:\BiYe\Gan\Demoise\data\test_00000338.png,265
D:\BiYe\Gan\Demoise\data\test_00000339.png,266
D:\BiYe\Gan\Demoise\data\test_0000034.png,267
D:\BiYe\Gan\Demoise\data\test_00000340.png,268
D:\BiYe\Gan\Demoise\data\test_00000341.png,269
D:\BiYe\Gan\Demoise\data\test_00000342.png,270
D:\BiYe\Gan\Demoise\data\test_00000343.png,271
D:\BiYe\Gan\Demoise\data\test_00000344.png,272
D:\BiYe\Gan\Demoise\data\test_00000345.png,273
D:\BiYe\Gan\Demoise\data\test_00000346.png,274
D:\BiYe\Gan\Demoise\data\test_00000347.png,275
D:\BiYe\Gan\Demoise\data\test_00000348.png,276
D:\BiYe\Gan\Demoise\data\test_00000349.png,277
D:\BiYe\Gan\Demoise\data\test_0000035.png,278
D:\BiYe\Gan\Demoise\data\test_00000350.png,279
D:\BiYe\Gan\Demoise\data\test_00000351.png,280
D:\BiYe\Gan\Demoise\data\test_00000352.png,281
D:\BiYe\Gan\Demoise\data\test_00000353.png,282
D:\BiYe\Gan\Demoise\data\test_00000354.png,283
D:\BiYe\Gan\Demoise\data\test_00000355.png,284
D:\BiYe\Gan\Demoise\data\test_00000356.png,285
D:\BiYe\Gan\Demoise\data\test_00000357.png,286
D:\BiYe\Gan\Demoise\data\test_00000358.png,287
D:\BiYe\Gan\Demoise\data\test_00000359.png,288
D:\BiYe\Gan\Demoise\data\test_0000036.png,289
D:\BiYe\Gan\Demoise\data\test_00000360.png,290
D:\BiYe\Gan\Demoise\data\test_00000361.png,291
D:\BiYe\Gan\Demoise\data\test_00000362.png,292
D:\BiYe\Gan\Demoise\data\test_00000363.png,293
D:\BiYe\Gan\Demoise\data\test_00000364.png,294
D:\BiYe\Gan\Demoise\data\test_00000365.png,295
D:\BiYe\Gan\Demoise\data\test_00000366.png,296
D:\BiYe\Gan\Demoise\data\test_00000367.png,297
D:\BiYe\Gan\Demoise\data\test_00000368.png,298
D:\BiYe\Gan\Demoise\data\test_00000369.png,299
D:\BiYe\Gan\Demoise\data\test_0000037.png,300
D:\BiYe\Gan\Demoise\data\test_00000370.png,301
D:\BiYe\Gan\Demoise\data\test_00000371.png,302
D:\BiYe\Gan\Demoise\data\test_00000372.png,303
D:\BiYe\Gan\Demoise\data\test_00000373.png,304
D:\BiYe\Gan\Demoise\data\test_00000374.png,305
D:\BiYe\Gan\Demoise\data\test_00000375.png,306
D:\BiYe\Gan\Demoise\data\test_00000376.png,307
D:\BiYe\Gan\Demoise\data\test_00000377.png,308
D:\BiYe\Gan\Demoise\data\test_00000378.png,309
D:\BiYe\Gan\Demoise\data\test_00000379.png,310
D:\BiYe\Gan\Demoise\data\test_0000038.png,311
D:\BiYe\Gan\Demoise\data\test_00000380.png,312
D:\BiYe\Gan\Demoise\data\test_00000381.png,313
D:\BiYe\Gan\Demoise\data\test_00000382.png,314
D:\BiYe\Gan\Demoise\data\test_00000383.png,315
D:\BiYe\Gan\Demoise\data\test_00000384.png,316
D:\BiYe\Gan\Demoise\data\test_00000385.png,317
D:\BiYe\Gan\Demoise\data\test_00000386.png,318
D:\BiYe\Gan\Demoise\data\test_00000387.png,319
D:\BiYe\Gan\Demoise\data\test_00000388.png,320
D:\BiYe\Gan\Demoise\data\test_00000389.png,321
D:\BiYe\Gan\Demoise\data\test_0000039.png,322
D:\BiYe\Gan\Demoise\data\test_00000390.png,323
D:\BiYe\Gan\Demoise\data\test_00000391.png,324
D:\BiYe\Gan\Demoise\data\test_00000392.png,325
D:\BiYe\Gan\Demoise\data\test_00000393.png,326
D:\BiYe\Gan\Demoise\data\test_00000394.png,327
D:\BiYe\Gan\Demoise\data\test_00000395.png,328
D:\BiYe\Gan\Demoise\data\test_00000396.png,329
D:\BiYe\Gan\Demoise\data\test_00000397.png,330
D:\BiYe\Gan\Demoise\data\test_00000398.png,331
D:\BiYe\Gan\Demoise\data\test_00000399.png,332
D:\BiYe\Gan\Demoise\data\test_000004.png,333
D:\BiYe\Gan\Demoise\data\test_0000040.png,334
D:\BiYe\Gan\Demoise\data\test_00000400.png,335
D:\BiYe\Gan\Demoise\data\test_00000401.png,336
D:\BiYe\Gan\Demoise\data\test_00000402.png,337
D:\BiYe\Gan\Demoise\data\test_00000403.png,338
D:\BiYe\Gan\Demoise\data\test_00000404.png,339
D:\BiYe\Gan\Demoise\data\test_00000405.png,340
D:\BiYe\Gan\Demoise\data\test_00000406.png,341
D:\BiYe\Gan\Demoise\data\test_00000407.png,342
D:\BiYe\Gan\Demoise\data\test_00000408.png,343
D:\BiYe\Gan\Demoise\data\test_00000409.png,344
D:\BiYe\Gan\Demoise\data\test_0000041.png,345
D:\BiYe\Gan\Demoise\data\test_00000410.png,346
D:\BiYe\Gan\Demoise\data\test_00000411.png,347
D:\BiYe\Gan\Demoise\data\test_00000412.png,348
D:\BiYe\Gan\Demoise\data\test_0000042.png,349
D:\BiYe\Gan\Demoise\data\test_0000043.png,350
D:\BiYe\Gan\Demoise\data\test_0000044.png,351
D:\BiYe\Gan\Demoise\data\test_0000045.png,352
D:\BiYe\Gan\Demoise\data\test_0000046.png,353
D:\BiYe\Gan\Demoise\data\test_0000047.png,354
D:\BiYe\Gan\Demoise\data\test_0000048.png,355
D:\BiYe\Gan\Demoise\data\test_0000049.png,356
D:\BiYe\Gan\Demoise\data\test_000005.png,357
D:\BiYe\Gan\Demoise\data\test_0000050.png,358
D:\BiYe\Gan\Demoise\data\test_0000051.png,359
D:\BiYe\Gan\Demoise\data\test_0000052.png,360
D:\BiYe\Gan\Demoise\data\test_0000053.png,361
D:\BiYe\Gan\Demoise\data\test_0000054.png,362
D:\BiYe\Gan\Demoise\data\test_0000055.png,363
D:\BiYe\Gan\Demoise\data\test_0000056.png,364
D:\BiYe\Gan\Demoise\data\test_0000057.png,365
D:\BiYe\Gan\Demoise\data\test_0000058.png,366
D:\BiYe\Gan\Demoise\data\test_0000059.png,367
D:\BiYe\Gan\Demoise\data\test_000006.png,368
D:\BiYe\Gan\Demoise\data\test_0000060.png,369
D:\BiYe\Gan\Demoise\data\test_0000061.png,370
D:\BiYe\Gan\Demoise\data\test_0000062.png,371
D:\BiYe\Gan\Demoise\data\test_0000063.png,372
D:\BiYe\Gan\Demoise\data\test_0000064.png,373
D:\BiYe\Gan\Demoise\data\test_0000065.png,374
D:\BiYe\Gan\Demoise\data\test_0000066.png,375
D:\BiYe\Gan\Demoise\data\test_0000067.png,376
D:\BiYe\Gan\Demoise\data\test_0000068.png,377
D:\BiYe\Gan\Demoise\data\test_0000069.png,378
D:\BiYe\Gan\Demoise\data\test_000007.png,379
D:\BiYe\Gan\Demoise\data\test_0000070.png,380
D:\BiYe\Gan\Demoise\data\test_0000071.png,381
D:\BiYe\Gan\Demoise\data\test_0000072.png,382
D:\BiYe\Gan\Demoise\data\test_0000073.png,383
D:\BiYe\Gan\Demoise\data\test_0000074.png,384
D:\BiYe\Gan\Demoise\data\test_0000075.png,385
D:\BiYe\Gan\Demoise\data\test_0000076.png,386
D:\BiYe\Gan\Demoise\data\test_0000077.png,387
D:\BiYe\Gan\Demoise\data\test_0000078.png,388
D:\BiYe\Gan\Demoise\data\test_0000079.png,389
D:\BiYe\Gan\Demoise\data\test_000008.png,390
D:\BiYe\Gan\Demoise\data\test_0000080.png,391
D:\BiYe\Gan\Demoise\data\test_0000081.png,392
D:\BiYe\Gan\Demoise\data\test_0000082.png,393
D:\BiYe\Gan\Demoise\data\test_0000083.png,394
D:\BiYe\Gan\Demoise\data\test_0000084.png,395
D:\BiYe\Gan\Demoise\data\test_0000085.png,396
D:\BiYe\Gan\Demoise\data\test_0000086.png,397
D:\BiYe\Gan\Demoise\data\test_0000087.png,398
D:\BiYe\Gan\Demoise\data\test_0000088.png,399
D:\BiYe\Gan\Demoise\data\test_0000089.png,400
D:\BiYe\Gan\Demoise\data\test_000009.png,401
D:\BiYe\Gan\Demoise\data\test_0000090.png,402
D:\BiYe\Gan\Demoise\data\test_0000091.png,403
D:\BiYe\Gan\Demoise\data\test_0000092.png,404
D:\BiYe\Gan\Demoise\data\test_0000093.png,405
D:\BiYe\Gan\Demoise\data\test_0000094.png,406
D:\BiYe\Gan\Demoise\data\test_0000095.png,407
D:\BiYe\Gan\Demoise\data\test_0000096.png,408
D:\BiYe\Gan\Demoise\data\test_0000097.png,409
D:\BiYe\Gan\Demoise\data\test_0000098.png,410
D:\BiYe\Gan\Demoise\data\test_0000099.png,411
D:\BiYe\Gan\Demoise\data\test_00001.png,412
D:\BiYe\Gan\Demoise\data\test_000010.png,413
D:\BiYe\Gan\Demoise\data\test_0000100.png,414
D:\BiYe\Gan\Demoise\data\test_0000101.png,415
D:\BiYe\Gan\Demoise\data\test_0000102.png,416
D:\BiYe\Gan\Demoise\data\test_0000103.png,417
D:\BiYe\Gan\Demoise\data\test_0000104.png,418
D:\BiYe\Gan\Demoise\data\test_0000105.png,419
D:\BiYe\Gan\Demoise\data\test_0000106.png,420
D:\BiYe\Gan\Demoise\data\test_0000107.png,421
D:\BiYe\Gan\Demoise\data\test_0000108.png,422
D:\BiYe\Gan\Demoise\data\test_0000109.png,423
D:\BiYe\Gan\Demoise\data\test_000011.png,424
D:\BiYe\Gan\Demoise\data\test_0000110.png,425
D:\BiYe\Gan\Demoise\data\test_0000111.png,426
D:\BiYe\Gan\Demoise\data\test_0000112.png,427
D:\BiYe\Gan\Demoise\data\test_0000113.png,428
D:\BiYe\Gan\Demoise\data\test_0000114.png,429
D:\BiYe\Gan\Demoise\data\test_0000115.png,430
D:\BiYe\Gan\Demoise\data\test_0000116.png,431
D:\BiYe\Gan\Demoise\data\test_0000117.png,432
D:\BiYe\Gan\Demoise\data\test_0000118.png,433
D:\BiYe\Gan\Demoise\data\test_0000119.png,434
D:\BiYe\Gan\Demoise\data\test_000012.png,435
D:\BiYe\Gan\Demoise\data\test_0000120.png,436
D:\BiYe\Gan\Demoise\data\test_0000121.png,437
D:\BiYe\Gan\Demoise\data\test_0000122.png,438
D:\BiYe\Gan\Demoise\data\test_0000123.png,439
D:\BiYe\Gan\Demoise\data\test_0000124.png,440
D:\BiYe\Gan\Demoise\data\test_0000125.png,441
D:\BiYe\Gan\Demoise\data\test_0000126.png,442
D:\BiYe\Gan\Demoise\data\test_0000127.png,443
D:\BiYe\Gan\Demoise\data\test_0000128.png,444
D:\BiYe\Gan\Demoise\data\test_0000129.png,445
D:\BiYe\Gan\Demoise\data\test_000013.png,446
D:\BiYe\Gan\Demoise\data\test_0000130.png,447
D:\BiYe\Gan\Demoise\data\test_0000131.png,448
D:\BiYe\Gan\Demoise\data\test_0000132.png,449
D:\BiYe\Gan\Demoise\data\test_0000133.png,450
D:\BiYe\Gan\Demoise\data\test_0000134.png,451
D:\BiYe\Gan\Demoise\data\test_0000135.png,452
D:\BiYe\Gan\Demoise\data\test_0000136.png,453
D:\BiYe\Gan\Demoise\data\test_0000137.png,454
D:\BiYe\Gan\Demoise\data\test_0000138.png,455
D:\BiYe\Gan\Demoise\data\test_0000139.png,456
D:\BiYe\Gan\Demoise\data\test_000014.png,457
D:\BiYe\Gan\Demoise\data\test_0000140.png,458
D:\BiYe\Gan\Demoise\data\test_0000141.png,459
D:\BiYe\Gan\Demoise\data\test_0000142.png,460
D:\BiYe\Gan\Demoise\data\test_0000143.png,461
D:\BiYe\Gan\Demoise\data\test_0000144.png,462
D:\BiYe\Gan\Demoise\data\test_0000145.png,463
D:\BiYe\Gan\Demoise\data\test_0000146.png,464
D:\BiYe\Gan\Demoise\data\test_0000147.png,465
D:\BiYe\Gan\Demoise\data\test_0000148.png,466
D:\BiYe\Gan\Demoise\data\test_0000149.png,467
D:\BiYe\Gan\Demoise\data\test_000015.png,468
D:\BiYe\Gan\Demoise\data\test_0000150.png,469
D:\BiYe\Gan\Demoise\data\test_0000151.png,470
D:\BiYe\Gan\Demoise\data\test_0000152.png,471
D:\BiYe\Gan\Demoise\data\test_0000153.png,472
D:\BiYe\Gan\Demoise\data\test_0000154.png,473
D:\BiYe\Gan\Demoise\data\test_0000155.png,474
D:\BiYe\Gan\Demoise\data\test_0000156.png,475
D:\BiYe\Gan\Demoise\data\test_0000157.png,476
D:\BiYe\Gan\Demoise\data\test_0000158.png,477
D:\BiYe\Gan\Demoise\data\test_0000159.png,478
D:\BiYe\Gan\Demoise\data\test_000016.png,479
D:\BiYe\Gan\Demoise\data\test_0000160.png,480
D:\BiYe\Gan\Demoise\data\test_0000161.png,481
D:\BiYe\Gan\Demoise\data\test_0000162.png,482
D:\BiYe\Gan\Demoise\data\test_0000163.png,483
D:\BiYe\Gan\Demoise\data\test_0000164.png,484
D:\BiYe\Gan\Demoise\data\test_0000165.png,485
D:\BiYe\Gan\Demoise\data\test_0000166.png,486
D:\BiYe\Gan\Demoise\data\test_0000167.png,487
D:\BiYe\Gan\Demoise\data\test_0000168.png,488
D:\BiYe\Gan\Demoise\data\test_0000169.png,489
D:\BiYe\Gan\Demoise\data\test_000017.png,490
D:\BiYe\Gan\Demoise\data\test_0000170.png,491
D:\BiYe\Gan\Demoise\data\test_0000171.png,492
D:\BiYe\Gan\Demoise\data\test_0000172.png,493
D:\BiYe\Gan\Demoise\data\test_0000173.png,494
D:\BiYe\Gan\Demoise\data\test_0000174.png,495
D:\BiYe\Gan\Demoise\data\test_0000175.png,496
D:\BiYe\Gan\Demoise\data\test_0000176.png,497
D:\BiYe\Gan\Demoise\data\test_0000177.png,498
D:\BiYe\Gan\Demoise\data\test_0000178.png,499
D:\BiYe\Gan\Demoise\data\test_0000179.png,500
D:\BiYe\Gan\Demoise\data\test_000018.png,501
D:\BiYe\Gan\Demoise\data\test_0000180.png,502
D:\BiYe\Gan\Demoise\data\test_0000181.png,503
D:\BiYe\Gan\Demoise\data\test_0000182.png,504
D:\BiYe\Gan\Demoise\data\test_0000183.png,505
D:\BiYe\Gan\Demoise\data\test_0000184.png,506
D:\BiYe\Gan\Demoise\data\test_0000185.png,507
D:\BiYe\Gan\Demoise\data\test_0000186.png,508
D:\BiYe\Gan\Demoise\data\test_0000187.png,509
D:\BiYe\Gan\Demoise\data\test_0000188.png,510
D:\BiYe\Gan\Demoise\data\test_0000189.png,511
D:\BiYe\Gan\Demoise\data\test_000019.png,512
D:\BiYe\Gan\Demoise\data\test_0000190.png,513
D:\BiYe\Gan\Demoise\data\test_0000191.png,514
D:\BiYe\Gan\Demoise\data\test_0000192.png,515
D:\BiYe\Gan\Demoise\data\test_0000193.png,516
D:\BiYe\Gan\Demoise\data\test_0000194.png,517
D:\BiYe\Gan\Demoise\data\test_0000195.png,518
D:\BiYe\Gan\Demoise\data\test_0000196.png,519
D:\BiYe\Gan\Demoise\data\test_0000197.png,520
D:\BiYe\Gan\Demoise\data\test_0000198.png,521
D:\BiYe\Gan\Demoise\data\test_0000199.png,522
D:\BiYe\Gan\Demoise\data\test_00002.png,523
D:\BiYe\Gan\Demoise\data\test_000020.png,524
D:\BiYe\Gan\Demoise\data\test_0000200.png,525
D:\BiYe\Gan\Demoise\data\test_0000201.png,526
D:\BiYe\Gan\Demoise\data\test_0000202.png,527
D:\BiYe\Gan\Demoise\data\test_0000203.png,528
D:\BiYe\Gan\Demoise\data\test_0000204.png,529
D:\BiYe\Gan\Demoise\data\test_0000205.png,530
D:\BiYe\Gan\Demoise\data\test_0000206.png,531
D:\BiYe\Gan\Demoise\data\test_0000207.png,532
D:\BiYe\Gan\Demoise\data\test_0000208.png,533
D:\BiYe\Gan\Demoise\data\test_0000209.png,534
D:\BiYe\Gan\Demoise\data\test_000021.png,535
D:\BiYe\Gan\Demoise\data\test_0000210.png,536
D:\BiYe\Gan\Demoise\data\test_0000211.png,537
D:\BiYe\Gan\Demoise\data\test_0000212.png,538
D:\BiYe\Gan\Demoise\data\test_0000213.png,539
D:\BiYe\Gan\Demoise\data\test_0000214.png,540
D:\BiYe\Gan\Demoise\data\test_0000215.png,541
D:\BiYe\Gan\Demoise\data\test_0000216.png,542
D:\BiYe\Gan\Demoise\data\test_0000217.png,543
D:\BiYe\Gan\Demoise\data\test_0000218.png,544
D:\BiYe\Gan\Demoise\data\test_0000219.png,545
D:\BiYe\Gan\Demoise\data\test_000022.png,546
D:\BiYe\Gan\Demoise\data\test_0000220.png,547
D:\BiYe\Gan\Demoise\data\test_0000221.png,548
D:\BiYe\Gan\Demoise\data\test_0000222.png,549
D:\BiYe\Gan\Demoise\data\test_0000223.png,550
D:\BiYe\Gan\Demoise\data\test_0000224.png,551
D:\BiYe\Gan\Demoise\data\test_0000225.png,552
D:\BiYe\Gan\Demoise\data\test_0000226.png,553
D:\BiYe\Gan\Demoise\data\test_0000227.png,554
D:\BiYe\Gan\Demoise\data\test_0000228.png,555
D:\BiYe\Gan\Demoise\data\test_0000229.png,556
D:\BiYe\Gan\Demoise\data\test_000023.png,557
D:\BiYe\Gan\Demoise\data\test_0000230.png,558
D:\BiYe\Gan\Demoise\data\test_0000231.png,559
D:\BiYe\Gan\Demoise\data\test_0000232.png,560
D:\BiYe\Gan\Demoise\data\test_0000233.png,561
D:\BiYe\Gan\Demoise\data\test_0000234.png,562
D:\BiYe\Gan\Demoise\data\test_0000235.png,563
D:\BiYe\Gan\Demoise\data\test_0000236.png,564
D:\BiYe\Gan\Demoise\data\test_0000237.png,565
D:\BiYe\Gan\Demoise\data\test_0000238.png,566
D:\BiYe\Gan\Demoise\data\test_0000239.png,567
D:\BiYe\Gan\Demoise\data\test_000024.png,568
D:\BiYe\Gan\Demoise\data\test_0000240.png,569
D:\BiYe\Gan\Demoise\data\test_0000241.png,570
D:\BiYe\Gan\Demoise\data\test_0000242.png,571
D:\BiYe\Gan\Demoise\data\test_0000243.png,572
D:\BiYe\Gan\Demoise\data\test_0000244.png,573
D:\BiYe\Gan\Demoise\data\test_0000245.png,574
D:\BiYe\Gan\Demoise\data\test_0000246.png,575
D:\BiYe\Gan\Demoise\data\test_0000247.png,576
D:\BiYe\Gan\Demoise\data\test_0000248.png,577
D:\BiYe\Gan\Demoise\data\test_0000249.png,578
D:\BiYe\Gan\Demoise\data\test_000025.png,579
D:\BiYe\Gan\Demoise\data\test_0000250.png,580
D:\BiYe\Gan\Demoise\data\test_0000251.png,581
D:\BiYe\Gan\Demoise\data\test_0000252.png,582
D:\BiYe\Gan\Demoise\data\test_0000253.png,583
D:\BiYe\Gan\Demoise\data\test_0000254.png,584
D:\BiYe\Gan\Demoise\data\test_0000255.png,585
D:\BiYe\Gan\Demoise\data\test_0000256.png,586
D:\BiYe\Gan\Demoise\data\test_0000257.png,587
D:\BiYe\Gan\Demoise\data\test_0000258.png,588
D:\BiYe\Gan\Demoise\data\test_0000259.png,589
D:\BiYe\Gan\Demoise\data\test_000026.png,590
D:\BiYe\Gan\Demoise\data\test_0000260.png,591
D:\BiYe\Gan\Demoise\data\test_0000261.png,592
D:\BiYe\Gan\Demoise\data\test_0000262.png,593
D:\BiYe\Gan\Demoise\data\test_0000263.png,594
D:\BiYe\Gan\Demoise\data\test_0000264.png,595
D:\BiYe\Gan\Demoise\data\test_0000265.png,596
D:\BiYe\Gan\Demoise\data\test_0000266.png,597
D:\BiYe\Gan\Demoise\data\test_0000267.png,598
D:\BiYe\Gan\Demoise\data\test_0000268.png,599
D:\BiYe\Gan\Demoise\data\test_0000269.png,600
D:\BiYe\Gan\Demoise\data\test_000027.png,601
D:\BiYe\Gan\Demoise\data\test_0000270.png,602
D:\BiYe\Gan\Demoise\data\test_0000271.png,603
D:\BiYe\Gan\Demoise\data\test_0000272.png,604
D:\BiYe\Gan\Demoise\data\test_0000273.png,605
D:\BiYe\Gan\Demoise\data\test_0000274.png,606
D:\BiYe\Gan\Demoise\data\test_0000275.png,607
D:\BiYe\Gan\Demoise\data\test_0000276.png,608
D:\BiYe\Gan\Demoise\data\test_0000277.png,609
D:\BiYe\Gan\Demoise\data\test_0000278.png,610
D:\BiYe\Gan\Demoise\data\test_0000279.png,611
D:\BiYe\Gan\Demoise\data\test_000028.png,612
D:\BiYe\Gan\Demoise\data\test_0000280.png,613
D:\BiYe\Gan\Demoise\data\test_0000281.png,614
D:\BiYe\Gan\Demoise\data\test_0000282.png,615
D:\BiYe\Gan\Demoise\data\test_0000283.png,616
D:\BiYe\Gan\Demoise\data\test_0000284.png,617
D:\BiYe\Gan\Demoise\data\test_0000285.png,618
D:\BiYe\Gan\Demoise\data\test_0000286.png,619
D:\BiYe\Gan\Demoise\data\test_0000287.png,620
D:\BiYe\Gan\Demoise\data\test_0000288.png,621
D:\BiYe\Gan\Demoise\data\test_0000289.png,622
D:\BiYe\Gan\Demoise\data\test_000029.png,623
D:\BiYe\Gan\Demoise\data\test_0000290.png,624
D:\BiYe\Gan\Demoise\data\test_0000291.png,625
D:\BiYe\Gan\Demoise\data\test_0000292.png,626
D:\BiYe\Gan\Demoise\data\test_0000293.png,627
D:\BiYe\Gan\Demoise\data\test_0000294.png,628
D:\BiYe\Gan\Demoise\data\test_0000295.png,629
D:\BiYe\Gan\Demoise\data\test_0000296.png,630
D:\BiYe\Gan\Demoise\data\test_0000297.png,631
D:\BiYe\Gan\Demoise\data\test_0000298.png,632
D:\BiYe\Gan\Demoise\data\test_0000299.png,633
D:\BiYe\Gan\Demoise\data\test_00003.png,634
D:\BiYe\Gan\Demoise\data\test_000030.png,635
D:\BiYe\Gan\Demoise\data\test_0000300.png,636
D:\BiYe\Gan\Demoise\data\test_0000301.png,637
D:\BiYe\Gan\Demoise\data\test_0000302.png,638
D:\BiYe\Gan\Demoise\data\test_0000303.png,639
D:\BiYe\Gan\Demoise\data\test_0000304.png,640
D:\BiYe\Gan\Demoise\data\test_0000305.png,641
D:\BiYe\Gan\Demoise\data\test_0000306.png,642
D:\BiYe\Gan\Demoise\data\test_0000307.png,643
D:\BiYe\Gan\Demoise\data\test_0000308.png,644
D:\BiYe\Gan\Demoise\data\test_0000309.png,645
D:\BiYe\Gan\Demoise\data\test_000031.png,646
D:\BiYe\Gan\Demoise\data\test_0000310.png,647
D:\BiYe\Gan\Demoise\data\test_0000311.png,648
D:\BiYe\Gan\Demoise\data\test_0000312.png,649
D:\BiYe\Gan\Demoise\data\test_0000313.png,650
D:\BiYe\Gan\Demoise\data\test_0000314.png,651
D:\BiYe\Gan\Demoise\data\test_0000315.png,652
D:\BiYe\Gan\Demoise\data\test_0000316.png,653
D:\BiYe\Gan\Demoise\data\test_0000317.png,654
D:\BiYe\Gan\Demoise\data\test_0000318.png,655
D:\BiYe\Gan\Demoise\data\test_0000319.png,656
D:\BiYe\Gan\Demoise\data\test_000032.png,657
D:\BiYe\Gan\Demoise\data\test_0000320.png,658
D:\BiYe\Gan\Demoise\data\test_0000321.png,659
D:\BiYe\Gan\Demoise\data\test_0000322.png,660
D:\BiYe\Gan\Demoise\data\test_0000323.png,661
D:\BiYe\Gan\Demoise\data\test_0000324.png,662
D:\BiYe\Gan\Demoise\data\test_0000325.png,663
D:\BiYe\Gan\Demoise\data\test_0000326.png,664
D:\BiYe\Gan\Demoise\data\test_0000327.png,665
D:\BiYe\Gan\Demoise\data\test_0000328.png,666
D:\BiYe\Gan\Demoise\data\test_0000329.png,667
D:\BiYe\Gan\Demoise\data\test_000033.png,668
D:\BiYe\Gan\Demoise\data\test_0000330.png,669
D:\BiYe\Gan\Demoise\data\test_0000331.png,670
D:\BiYe\Gan\Demoise\data\test_0000332.png,671
D:\BiYe\Gan\Demoise\data\test_0000333.png,672
D:\BiYe\Gan\Demoise\data\test_0000334.png,673
D:\BiYe\Gan\Demoise\data\test_0000335.png,674
D:\BiYe\Gan\Demoise\data\test_0000336.png,675
D:\BiYe\Gan\Demoise\data\test_0000337.png,676
D:\BiYe\Gan\Demoise\data\test_0000338.png,677
D:\BiYe\Gan\Demoise\data\test_0000339.png,678
D:\BiYe\Gan\Demoise\data\test_000034.png,679
D:\BiYe\Gan\Demoise\data\test_0000340.png,680
D:\BiYe\Gan\Demoise\data\test_0000341.png,681
D:\BiYe\Gan\Demoise\data\test_0000342.png,682
D:\BiYe\Gan\Demoise\data\test_0000343.png,683
D:\BiYe\Gan\Demoise\data\test_0000344.png,684
D:\BiYe\Gan\Demoise\data\test_0000345.png,685
D:\BiYe\Gan\Demoise\data\test_0000346.png,686
D:\BiYe\Gan\Demoise\data\test_0000347.png,687
D:\BiYe\Gan\Demoise\data\test_0000348.png,688
D:\BiYe\Gan\Demoise\data\test_0000349.png,689
D:\BiYe\Gan\Demoise\data\test_000035.png,690
D:\BiYe\Gan\Demoise\data\test_0000350.png,691
D:\BiYe\Gan\Demoise\data\test_0000351.png,692
D:\BiYe\Gan\Demoise\data\test_0000352.png,693
D:\BiYe\Gan\Demoise\data\test_0000353.png,694
D:\BiYe\Gan\Demoise\data\test_0000354.png,695
D:\BiYe\Gan\Demoise\data\test_0000355.png,696
D:\BiYe\Gan\Demoise\data\test_0000356.png,697
D:\BiYe\Gan\Demoise\data\test_0000357.png,698
D:\BiYe\Gan\Demoise\data\test_0000358.png,699
D:\BiYe\Gan\Demoise\data\test_0000359.png,700
D:\BiYe\Gan\Demoise\data\test_000036.png,701
D:\BiYe\Gan\Demoise\data\test_0000360.png,702
D:\BiYe\Gan\Demoise\data\test_0000361.png,703
D:\BiYe\Gan\Demoise\data\test_0000362.png,704
D:\BiYe\Gan\Demoise\data\test_0000363.png,705
D:\BiYe\Gan\Demoise\data\test_0000364.png,706
D:\BiYe\Gan\Demoise\data\test_0000365.png,707
D:\BiYe\Gan\Demoise\data\test_0000366.png,708
D:\BiYe\Gan\Demoise\data\test_0000367.png,709
D:\BiYe\Gan\Demoise\data\test_0000368.png,710
D:\BiYe\Gan\Demoise\data\test_0000369.png,711
D:\BiYe\Gan\Demoise\data\test_000037.png,712
D:\BiYe\Gan\Demoise\data\test_0000370.png,713
D:\BiYe\Gan\Demoise\data\test_0000371.png,714
D:\BiYe\Gan\Demoise\data\test_0000372.png,715
D:\BiYe\Gan\Demoise\data\test_0000373.png,716
D:\BiYe\Gan\Demoise\data\test_0000374.png,717
D:\BiYe\Gan\Demoise\data\test_0000375.png,718
D:\BiYe\Gan\Demoise\data\test_0000376.png,719
D:\BiYe\Gan\Demoise\data\test_0000377.png,720
D:\BiYe\Gan\Demoise\data\test_0000378.png,721
D:\BiYe\Gan\Demoise\data\test_0000379.png,722
D:\BiYe\Gan\Demoise\data\test_000038.png,723
D:\BiYe\Gan\Demoise\data\test_0000380.png,724
D:\BiYe\Gan\Demoise\data\test_0000381.png,725
D:\BiYe\Gan\Demoise\data\test_0000382.png,726
D:\BiYe\Gan\Demoise\data\test_0000383.png,727
D:\BiYe\Gan\Demoise\data\test_0000384.png,728
D:\BiYe\Gan\Demoise\data\test_0000385.png,729
D:\BiYe\Gan\Demoise\data\test_0000386.png,730
D:\BiYe\Gan\Demoise\data\test_0000387.png,731
D:\BiYe\Gan\Demoise\data\test_0000388.png,732
D:\BiYe\Gan\Demoise\data\test_0000389.png,733
D:\BiYe\Gan\Demoise\data\test_000039.png,734
D:\BiYe\Gan\Demoise\data\test_0000390.png,735
D:\BiYe\Gan\Demoise\data\test_0000391.png,736
D:\BiYe\Gan\Demoise\data\test_0000392.png,737
D:\BiYe\Gan\Demoise\data\test_0000393.png,738
D:\BiYe\Gan\Demoise\data\test_0000394.png,739
D:\BiYe\Gan\Demoise\data\test_0000395.png,740
D:\BiYe\Gan\Demoise\data\test_0000396.png,741
D:\BiYe\Gan\Demoise\data\test_0000397.png,742
D:\BiYe\Gan\Demoise\data\test_0000398.png,743
D:\BiYe\Gan\Demoise\data\test_0000399.png,744
D:\BiYe\Gan\Demoise\data\test_00004.png,745
D:\BiYe\Gan\Demoise\data\test_000040.png,746
D:\BiYe\Gan\Demoise\data\test_0000400.png,747
D:\BiYe\Gan\Demoise\data\test_0000401.png,748
D:\BiYe\Gan\Demoise\data\test_0000402.png,749
D:\BiYe\Gan\Demoise\data\test_0000403.png,750
D:\BiYe\Gan\Demoise\data\test_0000404.png,751
D:\BiYe\Gan\Demoise\data\test_0000405.png,752
D:\BiYe\Gan\Demoise\data\test_0000406.png,753
D:\BiYe\Gan\Demoise\data\test_0000407.png,754
D:\BiYe\Gan\Demoise\data\test_0000408.png,755
D:\BiYe\Gan\Demoise\data\test_0000409.png,756
D:\BiYe\Gan\Demoise\data\test_000041.png,757
D:\BiYe\Gan\Demoise\data\test_0000410.png,758
D:\BiYe\Gan\Demoise\data\test_0000411.png,759
D:\BiYe\Gan\Demoise\data\test_0000412.png,760
D:\BiYe\Gan\Demoise\data\test_000042.png,761
D:\BiYe\Gan\Demoise\data\test_000043.png,762
D:\BiYe\Gan\Demoise\data\test_000044.png,763
D:\BiYe\Gan\Demoise\data\test_000045.png,764
D:\BiYe\Gan\Demoise\data\test_000046.png,765
D:\BiYe\Gan\Demoise\data\test_000047.png,766
D:\BiYe\Gan\Demoise\data\test_000048.png,767
D:\BiYe\Gan\Demoise\data\test_000049.png,768
D:\BiYe\Gan\Demoise\data\test_00005.png,769
D:\BiYe\Gan\Demoise\data\test_000050.png,770
D:\BiYe\Gan\Demoise\data\test_000051.png,771
D:\BiYe\Gan\Demoise\data\test_000052.png,772
D:\BiYe\Gan\Demoise\data\test_000053.png,773
D:\BiYe\Gan\Demoise\data\test_000054.png,774
D:\BiYe\Gan\Demoise\data\test_000055.png,775
D:\BiYe\Gan\Demoise\data\test_000056.png,776
D:\BiYe\Gan\Demoise\data\test_000057.png,777
D:\BiYe\Gan\Demoise\data\test_000058.png,778
D:\BiYe\Gan\Demoise\data\test_000059.png,779
D:\BiYe\Gan\Demoise\data\test_00006.png,780
D:\BiYe\Gan\Demoise\data\test_000060.png,781
D:\BiYe\Gan\Demoise\data\test_000061.png,782
D:\BiYe\Gan\Demoise\data\test_000062.png,783
D:\BiYe\Gan\Demoise\data\test_000063.png,784
D:\BiYe\Gan\Demoise\data\test_000064.png,785
D:\BiYe\Gan\Demoise\data\test_000065.png,786
D:\BiYe\Gan\Demoise\data\test_000066.png,787
D:\BiYe\Gan\Demoise\data\test_000067.png,788
D:\BiYe\Gan\Demoise\data\test_000068.png,789
D:\BiYe\Gan\Demoise\data\test_000069.png,790
D:\BiYe\Gan\Demoise\data\test_00007.png,791
D:\BiYe\Gan\Demoise\data\test_000070.png,792
D:\BiYe\Gan\Demoise\data\test_000071.png,793
D:\BiYe\Gan\Demoise\data\test_000072.png,794
D:\BiYe\Gan\Demoise\data\test_000073.png,795
D:\BiYe\Gan\Demoise\data\test_000074.png,796
D:\BiYe\Gan\Demoise\data\test_000075.png,797
D:\BiYe\Gan\Demoise\data\test_000076.png,798
D:\BiYe\Gan\Demoise\data\test_000077.png,799
D:\BiYe\Gan\Demoise\data\test_000078.png,800
D:\BiYe\Gan\Demoise\data\test_000079.png,801
D:\BiYe\Gan\Demoise\data\test_00008.png,802
D:\BiYe\Gan\Demoise\data\test_000080.png,803
D:\BiYe\Gan\Demoise\data\test_000081.png,804
D:\BiYe\Gan\Demoise\data\test_000082.png,805
D:\BiYe\Gan\Demoise\data\test_000083.png,806
D:\BiYe\Gan\Demoise\data\test_000084.png,807
D:\BiYe\Gan\Demoise\data\test_000085.png,808
D:\BiYe\Gan\Demoise\data\test_000086.png,809
D:\BiYe\Gan\Demoise\data\test_000087.png,810
D:\BiYe\Gan\Demoise\data\test_000088.png,811
D:\BiYe\Gan\Demoise\data\test_000089.png,812
D:\BiYe\Gan\Demoise\data\test_00009.png,813
D:\BiYe\Gan\Demoise\data\test_000090.png,814
D:\BiYe\Gan\Demoise\data\test_000091.png,815
D:\BiYe\Gan\Demoise\data\test_000092.png,816
D:\BiYe\Gan\Demoise\data\test_000093.png,817
D:\BiYe\Gan\Demoise\data\test_000094.png,818
D:\BiYe\Gan\Demoise\data\test_000095.png,819
D:\BiYe\Gan\Demoise\data\test_000096.png,820
D:\BiYe\Gan\Demoise\data\test_000097.png,821
D:\BiYe\Gan\Demoise\data\test_000098.png,822
D:\BiYe\Gan\Demoise\data\test_000099.png,823
D:\BiYe\Gan\Demoise\data\test_0001.png,824
D:\BiYe\Gan\Demoise\data\test_00010.png,825
D:\BiYe\Gan\Demoise\data\test_000100.png,826
D:\BiYe\Gan\Demoise\data\test_000101.png,827
D:\BiYe\Gan\Demoise\data\test_000102.png,828
D:\BiYe\Gan\Demoise\data\test_000103.png,829
D:\BiYe\Gan\Demoise\data\test_000104.png,830
D:\BiYe\Gan\Demoise\data\test_000105.png,831
D:\BiYe\Gan\Demoise\data\test_000106.png,832
D:\BiYe\Gan\Demoise\data\test_000107.png,833
D:\BiYe\Gan\Demoise\data\test_000108.png,834
D:\BiYe\Gan\Demoise\data\test_000109.png,835
D:\BiYe\Gan\Demoise\data\test_00011.png,836
D:\BiYe\Gan\Demoise\data\test_000110.png,837
D:\BiYe\Gan\Demoise\data\test_000111.png,838
D:\BiYe\Gan\Demoise\data\test_000112.png,839
D:\BiYe\Gan\Demoise\data\test_000113.png,840
D:\BiYe\Gan\Demoise\data\test_000114.png,841
D:\BiYe\Gan\Demoise\data\test_000115.png,842
D:\BiYe\Gan\Demoise\data\test_000116.png,843
D:\BiYe\Gan\Demoise\data\test_000117.png,844
D:\BiYe\Gan\Demoise\data\test_000118.png,845
D:\BiYe\Gan\Demoise\data\test_000119.png,846
D:\BiYe\Gan\Demoise\data\test_00012.png,847
D:\BiYe\Gan\Demoise\data\test_000120.png,848
D:\BiYe\Gan\Demoise\data\test_000121.png,849
D:\BiYe\Gan\Demoise\data\test_000122.png,850
D:\BiYe\Gan\Demoise\data\test_000123.png,851
D:\BiYe\Gan\Demoise\data\test_000124.png,852
D:\BiYe\Gan\Demoise\data\test_000125.png,853
D:\BiYe\Gan\Demoise\data\test_000126.png,854
D:\BiYe\Gan\Demoise\data\test_000127.png,855
D:\BiYe\Gan\Demoise\data\test_000128.png,856
D:\BiYe\Gan\Demoise\data\test_000129.png,857
D:\BiYe\Gan\Demoise\data\test_00013.png,858
D:\BiYe\Gan\Demoise\data\test_000130.png,859
D:\BiYe\Gan\Demoise\data\test_000131.png,860
D:\BiYe\Gan\Demoise\data\test_000132.png,861
D:\BiYe\Gan\Demoise\data\test_000133.png,862
D:\BiYe\Gan\Demoise\data\test_000134.png,863
D:\BiYe\Gan\Demoise\data\test_000135.png,864
D:\BiYe\Gan\Demoise\data\test_000136.png,865
D:\BiYe\Gan\Demoise\data\test_000137.png,866
D:\BiYe\Gan\Demoise\data\test_000138.png,867
D:\BiYe\Gan\Demoise\data\test_000139.png,868
D:\BiYe\Gan\Demoise\data\test_00014.png,869
D:\BiYe\Gan\Demoise\data\test_000140.png,870
D:\BiYe\Gan\Demoise\data\test_000141.png,871
D:\BiYe\Gan\Demoise\data\test_000142.png,872
D:\BiYe\Gan\Demoise\data\test_000143.png,873
D:\BiYe\Gan\Demoise\data\test_000144.png,874
D:\BiYe\Gan\Demoise\data\test_000145.png,875
D:\BiYe\Gan\Demoise\data\test_000146.png,876
D:\BiYe\Gan\Demoise\data\test_000147.png,877
D:\BiYe\Gan\Demoise\data\test_000148.png,878
D:\BiYe\Gan\Demoise\data\test_000149.png,879
D:\BiYe\Gan\Demoise\data\test_00015.png,880
D:\BiYe\Gan\Demoise\data\test_000150.png,881
D:\BiYe\Gan\Demoise\data\test_000151.png,882
D:\BiYe\Gan\Demoise\data\test_000152.png,883
D:\BiYe\Gan\Demoise\data\test_000153.png,884
D:\BiYe\Gan\Demoise\data\test_000154.png,885
D:\BiYe\Gan\Demoise\data\test_000155.png,886
D:\BiYe\Gan\Demoise\data\test_000156.png,887
D:\BiYe\Gan\Demoise\data\test_000157.png,888
D:\BiYe\Gan\Demoise\data\test_000158.png,889
D:\BiYe\Gan\Demoise\data\test_000159.png,890
D:\BiYe\Gan\Demoise\data\test_00016.png,891
D:\BiYe\Gan\Demoise\data\test_000160.png,892
D:\BiYe\Gan\Demoise\data\test_000161.png,893
D:\BiYe\Gan\Demoise\data\test_000162.png,894
D:\BiYe\Gan\Demoise\data\test_000163.png,895
D:\BiYe\Gan\Demoise\data\test_000164.png,896
D:\BiYe\Gan\Demoise\data\test_000165.png,897
D:\BiYe\Gan\Demoise\data\test_000166.png,898
D:\BiYe\Gan\Demoise\data\test_000167.png,899
D:\BiYe\Gan\Demoise\data\test_000168.png,900
D:\BiYe\Gan\Demoise\data\test_000169.png,901
D:\BiYe\Gan\Demoise\data\test_00017.png,902
D:\BiYe\Gan\Demoise\data\test_000170.png,903
D:\BiYe\Gan\Demoise\data\test_000171.png,904
D:\BiYe\Gan\Demoise\data\test_000172.png,905
D:\BiYe\Gan\Demoise\data\test_000173.png,906
D:\BiYe\Gan\Demoise\data\test_000174.png,907
D:\BiYe\Gan\Demoise\data\test_000175.png,908
D:\BiYe\Gan\Demoise\data\test_000176.png,909
D:\BiYe\Gan\Demoise\data\test_000177.png,910
D:\BiYe\Gan\Demoise\data\test_000178.png,911
D:\BiYe\Gan\Demoise\data\test_000179.png,912
D:\BiYe\Gan\Demoise\data\test_00018.png,913
D:\BiYe\Gan\Demoise\data\test_000180.png,914
D:\BiYe\Gan\Demoise\data\test_000181.png,915
D:\BiYe\Gan\Demoise\data\test_000182.png,916
D:\BiYe\Gan\Demoise\data\test_000183.png,917
D:\BiYe\Gan\Demoise\data\test_000184.png,918
D:\BiYe\Gan\Demoise\data\test_000185.png,919
D:\BiYe\Gan\Demoise\data\test_000186.png,920
D:\BiYe\Gan\Demoise\data\test_000187.png,921
D:\BiYe\Gan\Demoise\data\test_000188.png,922
D:\BiYe\Gan\Demoise\data\test_000189.png,923
D:\BiYe\Gan\Demoise\data\test_00019.png,924
D:\BiYe\Gan\Demoise\data\test_000190.png,925
D:\BiYe\Gan\Demoise\data\test_000191.png,926
D:\BiYe\Gan\Demoise\data\test_000192.png,927
D:\BiYe\Gan\Demoise\data\test_000193.png,928
D:\BiYe\Gan\Demoise\data\test_000194.png,929
D:\BiYe\Gan\Demoise\data\test_000195.png,930
D:\BiYe\Gan\Demoise\data\test_000196.png,931
D:\BiYe\Gan\Demoise\data\test_000197.png,932
D:\BiYe\Gan\Demoise\data\test_000198.png,933
D:\BiYe\Gan\Demoise\data\test_000199.png,934
D:\BiYe\Gan\Demoise\data\test_0002.png,935
D:\BiYe\Gan\Demoise\data\test_00020.png,936
D:\BiYe\Gan\Demoise\data\test_000200.png,937
D:\BiYe\Gan\Demoise\data\test_000201.png,938
D:\BiYe\Gan\Demoise\data\test_000202.png,939
D:\BiYe\Gan\Demoise\data\test_000203.png,940
D:\BiYe\Gan\Demoise\data\test_000204.png,941
D:\BiYe\Gan\Demoise\data\test_000205.png,942
D:\BiYe\Gan\Demoise\data\test_000206.png,943
D:\BiYe\Gan\Demoise\data\test_000207.png,944
D:\BiYe\Gan\Demoise\data\test_000208.png,945
D:\BiYe\Gan\Demoise\data\test_000209.png,946
D:\BiYe\Gan\Demoise\data\test_00021.png,947
D:\BiYe\Gan\Demoise\data\test_000210.png,948
D:\BiYe\Gan\Demoise\data\test_000211.png,949
D:\BiYe\Gan\Demoise\data\test_000212.png,950
D:\BiYe\Gan\Demoise\data\test_000213.png,951
D:\BiYe\Gan\Demoise\data\test_000214.png,952
D:\BiYe\Gan\Demoise\data\test_000215.png,953
D:\BiYe\Gan\Demoise\data\test_000216.png,954
D:\BiYe\Gan\Demoise\data\test_000217.png,955
D:\BiYe\Gan\Demoise\data\test_000218.png,956
D:\BiYe\Gan\Demoise\data\test_000219.png,957
D:\BiYe\Gan\Demoise\data\test_00022.png,958
D:\BiYe\Gan\Demoise\data\test_000220.png,959
D:\BiYe\Gan\Demoise\data\test_000221.png,960
D:\BiYe\Gan\Demoise\data\test_000222.png,961
D:\BiYe\Gan\Demoise\data\test_000223.png,962
D:\BiYe\Gan\Demoise\data\test_000224.png,963
D:\BiYe\Gan\Demoise\data\test_000225.png,964
D:\BiYe\Gan\Demoise\data\test_000226.png,965
D:\BiYe\Gan\Demoise\data\test_000227.png,966
D:\BiYe\Gan\Demoise\data\test_000228.png,967
D:\BiYe\Gan\Demoise\data\test_000229.png,968
D:\BiYe\Gan\Demoise\data\test_00023.png,969
D:\BiYe\Gan\Demoise\data\test_000230.png,970
D:\BiYe\Gan\Demoise\data\test_000231.png,971
D:\BiYe\Gan\Demoise\data\test_000232.png,972
D:\BiYe\Gan\Demoise\data\test_000233.png,973
D:\BiYe\Gan\Demoise\data\test_000234.png,974
D:\BiYe\Gan\Demoise\data\test_000235.png,975
D:\BiYe\Gan\Demoise\data\test_000236.png,976
D:\BiYe\Gan\Demoise\data\test_000237.png,977
D:\BiYe\Gan\Demoise\data\test_000238.png,978
D:\BiYe\Gan\Demoise\data\test_000239.png,979
D:\BiYe\Gan\Demoise\data\test_00024.png,980
D:\BiYe\Gan\Demoise\data\test_000240.png,981
D:\BiYe\Gan\Demoise\data\test_000241.png,982
D:\BiYe\Gan\Demoise\data\test_000242.png,983
D:\BiYe\Gan\Demoise\data\test_000243.png,984
D:\BiYe\Gan\Demoise\data\test_000244.png,985
D:\BiYe\Gan\Demoise\data\test_000245.png,986
D:\BiYe\Gan\Demoise\data\test_000246.png,987
D:\BiYe\Gan\Demoise\data\test_000247.png,988
D:\BiYe\Gan\Demoise\data\test_000248.png,989
D:\BiYe\Gan\Demoise\data\test_000249.png,990
D:\BiYe\Gan\Demoise\data\test_00025.png,991
D:\BiYe\Gan\Demoise\data\test_000250.png,992
D:\BiYe\Gan\Demoise\data\test_000251.png,993
D:\BiYe\Gan\Demoise\data\test_000252.png,994
D:\BiYe\Gan\Demoise\data\test_000253.png,995
D:\BiYe\Gan\Demoise\data\test_000254.png,996
D:\BiYe\Gan\Demoise\data\test_000255.png,997
D:\BiYe\Gan\Demoise\data\test_000256.png,998
D:\BiYe\Gan\Demoise\data\test_000257.png,999
D:\BiYe\Gan\Demoise\data\test_000258.png,1000
D:\BiYe\Gan\Demoise\data\test_000259.png,1001
D:\BiYe\Gan\Demoise\data\test_00026.png,1002
D:\BiYe\Gan\Demoise\data\test_000260.png,1003
D:\BiYe\Gan\Demoise\data\test_000261.png,1004
D:\BiYe\Gan\Demoise\data\test_000262.png,1005
D:\BiYe\Gan\Demoise\data\test_000263.png,1006
D:\BiYe\Gan\Demoise\data\test_000264.png,1007
D:\BiYe\Gan\Demoise\data\test_000265.png,1008
D:\BiYe\Gan\Demoise\data\test_000266.png,1009
D:\BiYe\Gan\Demoise\data\test_000267.png,1010
D:\BiYe\Gan\Demoise\data\test_000268.png,1011
D:\BiYe\Gan\Demoise\data\test_000269.png,1012
D:\BiYe\Gan\Demoise\data\test_00027.png,1013
D:\BiYe\Gan\Demoise\data\test_000270.png,1014
D:\BiYe\Gan\Demoise\data\test_000271.png,1015
D:\BiYe\Gan\Demoise\data\test_000272.png,1016
D:\BiYe\Gan\Demoise\data\test_000273.png,1017
D:\BiYe\Gan\Demoise\data\test_000274.png,1018
D:\BiYe\Gan\Demoise\data\test_000275.png,1019
D:\BiYe\Gan\Demoise\data\test_000276.png,1020
D:\BiYe\Gan\Demoise\data\test_000277.png,1021
D:\BiYe\Gan\Demoise\data\test_000278.png,1022
D:\BiYe\Gan\Demoise\data\test_000279.png,1023
D:\BiYe\Gan\Demoise\data\test_00028.png,1024
D:\BiYe\Gan\Demoise\data\test_000280.png,1025
D:\BiYe\Gan\Demoise\data\test_000281.png,1026
D:\BiYe\Gan\Demoise\data\test_000282.png,1027
D:\BiYe\Gan\Demoise\data\test_000283.png,1028
D:\BiYe\Gan\Demoise\data\test_000284.png,1029
D:\BiYe\Gan\Demoise\data\test_000285.png,1030
D:\BiYe\Gan\Demoise\data\test_000286.png,1031
D:\BiYe\Gan\Demoise\data\test_000287.png,1032
D:\BiYe\Gan\Demoise\data\test_000288.png,1033
D:\BiYe\Gan\Demoise\data\test_000289.png,1034
D:\BiYe\Gan\Demoise\data\test_00029.png,1035
D:\BiYe\Gan\Demoise\data\test_000290.png,1036
D:\BiYe\Gan\Demoise\data\test_000291.png,1037
D:\BiYe\Gan\Demoise\data\test_000292.png,1038
D:\BiYe\Gan\Demoise\data\test_000293.png,1039
D:\BiYe\Gan\Demoise\data\test_000294.png,1040
D:\BiYe\Gan\Demoise\data\test_000295.png,1041
D:\BiYe\Gan\Demoise\data\test_000296.png,1042
D:\BiYe\Gan\Demoise\data\test_000297.png,1043
D:\BiYe\Gan\Demoise\data\test_000298.png,1044
D:\BiYe\Gan\Demoise\data\test_000299.png,1045
D:\BiYe\Gan\Demoise\data\test_0003.png,1046
D:\BiYe\Gan\Demoise\data\test_00030.png,1047
D:\BiYe\Gan\Demoise\data\test_000300.png,1048
D:\BiYe\Gan\Demoise\data\test_000301.png,1049
D:\BiYe\Gan\Demoise\data\test_000302.png,1050
D:\BiYe\Gan\Demoise\data\test_000303.png,1051
D:\BiYe\Gan\Demoise\data\test_000304.png,1052
D:\BiYe\Gan\Demoise\data\test_000305.png,1053
D:\BiYe\Gan\Demoise\data\test_000306.png,1054
D:\BiYe\Gan\Demoise\data\test_000307.png,1055
D:\BiYe\Gan\Demoise\data\test_000308.png,1056
D:\BiYe\Gan\Demoise\data\test_000309.png,1057
D:\BiYe\Gan\Demoise\data\test_00031.png,1058
D:\BiYe\Gan\Demoise\data\test_000310.png,1059
D:\BiYe\Gan\Demoise\data\test_000311.png,1060
D:\BiYe\Gan\Demoise\data\test_000312.png,1061
D:\BiYe\Gan\Demoise\data\test_000313.png,1062
D:\BiYe\Gan\Demoise\data\test_000314.png,1063
D:\BiYe\Gan\Demoise\data\test_000315.png,1064
D:\BiYe\Gan\Demoise\data\test_000316.png,1065
D:\BiYe\Gan\Demoise\data\test_000317.png,1066
D:\BiYe\Gan\Demoise\data\test_000318.png,1067
D:\BiYe\Gan\Demoise\data\test_000319.png,1068
D:\BiYe\Gan\Demoise\data\test_00032.png,1069
D:\BiYe\Gan\Demoise\data\test_000320.png,1070
D:\BiYe\Gan\Demoise\data\test_000321.png,1071
D:\BiYe\Gan\Demoise\data\test_000322.png,1072
D:\BiYe\Gan\Demoise\data\test_000323.png,1073
D:\BiYe\Gan\Demoise\data\test_000324.png,1074
D:\BiYe\Gan\Demoise\data\test_000325.png,1075
D:\BiYe\Gan\Demoise\data\test_000326.png,1076
D:\BiYe\Gan\Demoise\data\test_000327.png,1077
D:\BiYe\Gan\Demoise\data\test_000328.png,1078
D:\BiYe\Gan\Demoise\data\test_000329.png,1079
D:\BiYe\Gan\Demoise\data\test_00033.png,1080
D:\BiYe\Gan\Demoise\data\test_000330.png,1081
D:\BiYe\Gan\Demoise\data\test_000331.png,1082
D:\BiYe\Gan\Demoise\data\test_000332.png,1083
D:\BiYe\Gan\Demoise\data\test_000333.png,1084
D:\BiYe\Gan\Demoise\data\test_000334.png,1085
D:\BiYe\Gan\Demoise\data\test_000335.png,1086
D:\BiYe\Gan\Demoise\data\test_000336.png,1087
D:\BiYe\Gan\Demoise\data\test_000337.png,1088
D:\BiYe\Gan\Demoise\data\test_000338.png,1089
D:\BiYe\Gan\Demoise\data\test_000339.png,1090
D:\BiYe\Gan\Demoise\data\test_00034.png,1091
D:\BiYe\Gan\Demoise\data\test_000340.png,1092
D:\BiYe\Gan\Demoise\data\test_000341.png,1093
D:\BiYe\Gan\Demoise\data\test_000342.png,1094
D:\BiYe\Gan\Demoise\data\test_000343.png,1095
D:\BiYe\Gan\Demoise\data\test_000344.png,1096
D:\BiYe\Gan\Demoise\data\test_000345.png,1097
D:\BiYe\Gan\Demoise\data\test_000346.png,1098
D:\BiYe\Gan\Demoise\data\test_000347.png,1099
D:\BiYe\Gan\Demoise\data\test_000348.png,1100
D:\BiYe\Gan\Demoise\data\test_000349.png,1101
D:\BiYe\Gan\Demoise\data\test_00035.png,1102
D:\BiYe\Gan\Demoise\data\test_000350.png,1103
D:\BiYe\Gan\Demoise\data\test_000351.png,1104
D:\BiYe\Gan\Demoise\data\test_000352.png,1105
D:\BiYe\Gan\Demoise\data\test_000353.png,1106
D:\BiYe\Gan\Demoise\data\test_000354.png,1107
D:\BiYe\Gan\Demoise\data\test_000355.png,1108
D:\BiYe\Gan\Demoise\data\test_000356.png,1109
D:\BiYe\Gan\Demoise\data\test_000357.png,1110
D:\BiYe\Gan\Demoise\data\test_000358.png,1111
D:\BiYe\Gan\Demoise\data\test_000359.png,1112
D:\BiYe\Gan\Demoise\data\test_00036.png,1113
D:\BiYe\Gan\Demoise\data\test_000360.png,1114
D:\BiYe\Gan\Demoise\data\test_000361.png,1115
D:\BiYe\Gan\Demoise\data\test_000362.png,1116
D:\BiYe\Gan\Demoise\data\test_000363.png,1117
D:\BiYe\Gan\Demoise\data\test_000364.png,1118
D:\BiYe\Gan\Demoise\data\test_000365.png,1119
D:\BiYe\Gan\Demoise\data\test_000366.png,1120
D:\BiYe\Gan\Demoise\data\test_000367.png,1121
D:\BiYe\Gan\Demoise\data\test_000368.png,1122
D:\BiYe\Gan\Demoise\data\test_000369.png,1123
D:\BiYe\Gan\Demoise\data\test_00037.png,1124
D:\BiYe\Gan\Demoise\data\test_000370.png,1125
D:\BiYe\Gan\Demoise\data\test_000371.png,1126
D:\BiYe\Gan\Demoise\data\test_000372.png,1127
D:\BiYe\Gan\Demoise\data\test_000373.png,1128
D:\BiYe\Gan\Demoise\data\test_000374.png,1129
D:\BiYe\Gan\Demoise\data\test_000375.png,1130
D:\BiYe\Gan\Demoise\data\test_000376.png,1131
D:\BiYe\Gan\Demoise\data\test_000377.png,1132
D:\BiYe\Gan\Demoise\data\test_000378.png,1133
D:\BiYe\Gan\Demoise\data\test_000379.png,1134
D:\BiYe\Gan\Demoise\data\test_00038.png,1135
D:\BiYe\Gan\Demoise\data\test_000380.png,1136
D:\BiYe\Gan\Demoise\data\test_000381.png,1137
D:\BiYe\Gan\Demoise\data\test_000382.png,1138
D:\BiYe\Gan\Demoise\data\test_000383.png,1139
D:\BiYe\Gan\Demoise\data\test_000384.png,1140
D:\BiYe\Gan\Demoise\data\test_000385.png,1141
D:\BiYe\Gan\Demoise\data\test_000386.png,1142
D:\BiYe\Gan\Demoise\data\test_000387.png,1143
D:\BiYe\Gan\Demoise\data\test_000388.png,1144
D:\BiYe\Gan\Demoise\data\test_000389.png,1145
D:\BiYe\Gan\Demoise\data\test_00039.png,1146
D:\BiYe\Gan\Demoise\data\test_000390.png,1147
D:\BiYe\Gan\Demoise\data\test_000391.png,1148
D:\BiYe\Gan\Demoise\data\test_000392.png,1149
D:\BiYe\Gan\Demoise\data\test_000393.png,1150
D:\BiYe\Gan\Demoise\data\test_000394.png,1151
D:\BiYe\Gan\Demoise\data\test_000395.png,1152
D:\BiYe\Gan\Demoise\data\test_000396.png,1153
D:\BiYe\Gan\Demoise\data\test_000397.png,1154
D:\BiYe\Gan\Demoise\data\test_000398.png,1155
D:\BiYe\Gan\Demoise\data\test_000399.png,1156
D:\BiYe\Gan\Demoise\data\test_0004.png,1157
D:\BiYe\Gan\Demoise\data\test_00040.png,1158
D:\BiYe\Gan\Demoise\data\test_000400.png,1159
D:\BiYe\Gan\Demoise\data\test_000401.png,1160
D:\BiYe\Gan\Demoise\data\test_000402.png,1161
D:\BiYe\Gan\Demoise\data\test_000403.png,1162
D:\BiYe\Gan\Demoise\data\test_000404.png,1163
D:\BiYe\Gan\Demoise\data\test_000405.png,1164
D:\BiYe\Gan\Demoise\data\test_000406.png,1165
D:\BiYe\Gan\Demoise\data\test_000407.png,1166
D:\BiYe\Gan\Demoise\data\test_000408.png,1167
D:\BiYe\Gan\Demoise\data\test_000409.png,1168
D:\BiYe\Gan\Demoise\data\test_00041.png,1169
D:\BiYe\Gan\Demoise\data\test_000410.png,1170
D:\BiYe\Gan\Demoise\data\test_000411.png,1171
D:\BiYe\Gan\Demoise\data\test_000412.png,1172
D:\BiYe\Gan\Demoise\data\test_00042.png,1173
D:\BiYe\Gan\Demoise\data\test_00043.png,1174
D:\BiYe\Gan\Demoise\data\test_00044.png,1175
D:\BiYe\Gan\Demoise\data\test_00045.png,1176
D:\BiYe\Gan\Demoise\data\test_00046.png,1177
D:\BiYe\Gan\Demoise\data\test_00047.png,1178
D:\BiYe\Gan\Demoise\data\test_00048.png,1179
D:\BiYe\Gan\Demoise\data\test_00049.png,1180
D:\BiYe\Gan\Demoise\data\test_0005.png,1181
D:\BiYe\Gan\Demoise\data\test_00050.png,1182
D:\BiYe\Gan\Demoise\data\test_00051.png,1183
D:\BiYe\Gan\Demoise\data\test_00052.png,1184
D:\BiYe\Gan\Demoise\data\test_00053.png,1185
D:\BiYe\Gan\Demoise\data\test_00054.png,1186
D:\BiYe\Gan\Demoise\data\test_00055.png,1187
D:\BiYe\Gan\Demoise\data\test_00056.png,1188
D:\BiYe\Gan\Demoise\data\test_00057.png,1189
D:\BiYe\Gan\Demoise\data\test_00058.png,1190
D:\BiYe\Gan\Demoise\data\test_00059.png,1191
D:\BiYe\Gan\Demoise\data\test_0006.png,1192
D:\BiYe\Gan\Demoise\data\test_00060.png,1193
D:\BiYe\Gan\Demoise\data\test_00061.png,1194
D:\BiYe\Gan\Demoise\data\test_00062.png,1195
D:\BiYe\Gan\Demoise\data\test_00063.png,1196
D:\BiYe\Gan\Demoise\data\test_00064.png,1197
D:\BiYe\Gan\Demoise\data\test_00065.png,1198
D:\BiYe\Gan\Demoise\data\test_00066.png,1199
D:\BiYe\Gan\Demoise\data\test_00067.png,1200
D:\BiYe\Gan\Demoise\data\test_00068.png,1201
D:\BiYe\Gan\Demoise\data\test_00069.png,1202
D:\BiYe\Gan\Demoise\data\test_0007.png,1203
D:\BiYe\Gan\Demoise\data\test_00070.png,1204
D:\BiYe\Gan\Demoise\data\test_00071.png,1205
D:\BiYe\Gan\Demoise\data\test_00072.png,1206
D:\BiYe\Gan\Demoise\data\test_00073.png,1207
D:\BiYe\Gan\Demoise\data\test_00074.png,1208
D:\BiYe\Gan\Demoise\data\test_00075.png,1209
D:\BiYe\Gan\Demoise\data\test_00076.png,1210
D:\BiYe\Gan\Demoise\data\test_00077.png,1211
D:\BiYe\Gan\Demoise\data\test_00078.png,1212
D:\BiYe\Gan\Demoise\data\test_00079.png,1213
D:\BiYe\Gan\Demoise\data\test_0008.png,1214
D:\BiYe\Gan\Demoise\data\test_00080.png,1215
D:\BiYe\Gan\Demoise\data\test_00081.png,1216
D:\BiYe\Gan\Demoise\data\test_00082.png,1217
D:\BiYe\Gan\Demoise\data\test_00083.png,1218
D:\BiYe\Gan\Demoise\data\test_00084.png,1219
D:\BiYe\Gan\Demoise\data\test_00085.png,1220
D:\BiYe\Gan\Demoise\data\test_00086.png,1221
D:\BiYe\Gan\Demoise\data\test_00087.png,1222
D:\BiYe\Gan\Demoise\data\test_00088.png,1223
D:\BiYe\Gan\Demoise\data\test_00089.png,1224
D:\BiYe\Gan\Demoise\data\test_0009.png,1225
D:\BiYe\Gan\Demoise\data\test_00090.png,1226
D:\BiYe\Gan\Demoise\data\test_00091.png,1227
D:\BiYe\Gan\Demoise\data\test_00092.png,1228
D:\BiYe\Gan\Demoise\data\test_00093.png,1229
D:\BiYe\Gan\Demoise\data\test_00094.png,1230
D:\BiYe\Gan\Demoise\data\test_00095.png,1231
D:\BiYe\Gan\Demoise\data\test_00096.png,1232
D:\BiYe\Gan\Demoise\data\test_00097.png,1233
D:\BiYe\Gan\Demoise\data\test_00098.png,1234
D:\BiYe\Gan\Demoise\data\test_00099.png,1235
D:\BiYe\Gan\Demoise\data\test_001.png,1236
D:\BiYe\Gan\Demoise\data\test_002.png,1237
D:\BiYe\Gan\Demoise\data\test_003.png,1238
D:\BiYe\Gan\Demoise\data\test_004.png,1239
D:\BiYe\Gan\Demoise\data\test_005.png,1240
D:\BiYe\Gan\Demoise\data\test_006.png,1241
D:\BiYe\Gan\Demoise\data\test_007.png,1242
D:\BiYe\Gan\Demoise\data\test_008.png,1243
D:\BiYe\Gan\Demoise\data\test_009.png,1244
D:\BiYe\Gan\Demoise\data\test_010.png,1245
D:\BiYe\Gan\Demoise\data\test_011.png,1246
D:\BiYe\Gan\Demoise\data\test_012.png,1247
D:\BiYe\Gan\Demoise\data\test_013.png,1248
D:\BiYe\Gan\Demoise\data\test_014.png,1249
D:\BiYe\Gan\Demoise\data\test_015.png,1250
D:\BiYe\Gan\Demoise\data\test_016.png,1251
D:\BiYe\Gan\Demoise\data\test_017.png,1252
D:\BiYe\Gan\Demoise\data\test_018.png,1253
D:\BiYe\Gan\Demoise\data\test_019.png,1254
D:\BiYe\Gan\Demoise\data\test_020.png,1255
D:\BiYe\Gan\Demoise\data\test_021.png,1256
D:\BiYe\Gan\Demoise\data\test_022.png,1257
D:\BiYe\Gan\Demoise\data\test_023.png,1258
D:\BiYe\Gan\Demoise\data\test_024.png,1259
D:\BiYe\Gan\Demoise\data\test_025.png,1260
D:\BiYe\Gan\Demoise\data\test_026.png,1261
D:\BiYe\Gan\Demoise\data\test_027.png,1262
D:\BiYe\Gan\Demoise\data\test_028.png,1263
D:\BiYe\Gan\Demoise\data\test_029.png,1264
D:\BiYe\Gan\Demoise\data\test_030.png,1265
D:\BiYe\Gan\Demoise\data\test_031.png,1266
D:\BiYe\Gan\Demoise\data\test_032.png,1267
D:\BiYe\Gan\Demoise\data\test_033.png,1268
D:\BiYe\Gan\Demoise\data\test_034.png,1269
D:\BiYe\Gan\Demoise\data\test_035.png,1270
D:\BiYe\Gan\Demoise\data\test_036.png,1271
D:\BiYe\Gan\Demoise\data\test_037.png,1272
D:\BiYe\Gan\Demoise\data\test_038.png,1273
D:\BiYe\Gan\Demoise\data\test_039.png,1274
D:\BiYe\Gan\Demoise\data\test_040.png,1275
D:\BiYe\Gan\Demoise\data\test_041.png,1276
D:\BiYe\Gan\Demoise\data\test_042.png,1277
D:\BiYe\Gan\Demoise\data\test_043.png,1278
D:\BiYe\Gan\Demoise\data\test_044.png,1279
D:\BiYe\Gan\Demoise\data\test_045.png,1280
D:\BiYe\Gan\Demoise\data\test_046.png,1281
D:\BiYe\Gan\Demoise\data\test_047.png,1282
D:\BiYe\Gan\Demoise\data\test_048.png,1283
D:\BiYe\Gan\Demoise\data\test_049.png,1284
D:\BiYe\Gan\Demoise\data\test_050.png,1285
D:\BiYe\Gan\Demoise\data\test_051.png,1286
D:\BiYe\Gan\Demoise\data\test_052.png,1287
D:\BiYe\Gan\Demoise\data\test_053.png,1288
D:\BiYe\Gan\Demoise\data\test_054.png,1289
D:\BiYe\Gan\Demoise\data\test_055.png,1290
D:\BiYe\Gan\Demoise\data\test_056.png,1291
D:\BiYe\Gan\Demoise\data\test_057.png,1292
D:\BiYe\Gan\Demoise\data\test_058.png,1293
D:\BiYe\Gan\Demoise\data\test_059.png,1294
D:\BiYe\Gan\Demoise\data\test_060.png,1295
D:\BiYe\Gan\Demoise\data\test_061.png,1296
D:\BiYe\Gan\Demoise\data\test_062.png,1297
D:\BiYe\Gan\Demoise\data\test_063.png,1298
D:\BiYe\Gan\Demoise\data\test_064.png,1299
D:\BiYe\Gan\Demoise\data\test_065.png,1300
D:\BiYe\Gan\Demoise\data\test_066.png,1301
D:\BiYe\Gan\Demoise\data\test_067.png,1302
D:\BiYe\Gan\Demoise\data\test_068.png,1303
D:\BiYe\Gan\Demoise\data\test_069.png,1304
D:\BiYe\Gan\Demoise\data\test_070.png,1305
D:\BiYe\Gan\Demoise\data\test_071.png,1306
D:\BiYe\Gan\Demoise\data\test_072.png,1307
D:\BiYe\Gan\Demoise\data\test_073.png,1308
D:\BiYe\Gan\Demoise\data\test_074.png,1309
D:\BiYe\Gan\Demoise\data\test_075.png,1310
D:\BiYe\Gan\Demoise\data\test_076.png,1311
D:\BiYe\Gan\Demoise\data\test_077.png,1312
D:\BiYe\Gan\Demoise\data\test_078.png,1313
D:\BiYe\Gan\Demoise\data\test_079.png,1314
D:\BiYe\Gan\Demoise\data\test_080.png,1315
D:\BiYe\Gan\Demoise\data\test_081.png,1316
D:\BiYe\Gan\Demoise\data\test_082.png,1317
D:\BiYe\Gan\Demoise\data\test_083.png,1318
D:\BiYe\Gan\Demoise\data\test_084.png,1319
D:\BiYe\Gan\Demoise\data\test_085.png,1320
D:\BiYe\Gan\Demoise\data\test_086.png,1321
D:\BiYe\Gan\Demoise\data\test_087.png,1322
D:\BiYe\Gan\Demoise\data\test_088.png,1323
D:\BiYe\Gan\Demoise\data\test_089.png,1324
D:\BiYe\Gan\Demoise\data\test_090.png,1325
D:\BiYe\Gan\Demoise\data\test_091.png,1326
D:\BiYe\Gan\Demoise\data\test_092.png,1327
D:\BiYe\Gan\Demoise\data\test_093.png,1328
D:\BiYe\Gan\Demoise\data\test_094.png,1329
D:\BiYe\Gan\Demoise\data\test_095.png,1330
D:\BiYe\Gan\Demoise\data\test_096.png,1331
D:\BiYe\Gan\Demoise\data\test_097.png,1332
D:\BiYe\Gan\Demoise\data\test_098.png,1333
D:\BiYe\Gan\Demoise\data\test_099.png,1334
D:\BiYe\Gan\Demoise\data\test_100.png,1335
D:\BiYe\Gan\Demoise\data\test_101.png,1336
D:\BiYe\Gan\Demoise\data\test_102.png,1337
D:\BiYe\Gan\Demoise\data\test_103.png,1338
D:\BiYe\Gan\Demoise\data\test_104.png,1339
D:\BiYe\Gan\Demoise\data\test_105.png,1340
D:\BiYe\Gan\Demoise\data\test_106.png,1341
D:\BiYe\Gan\Demoise\data\test_107.png,1342
D:\BiYe\Gan\Demoise\data\test_108.png,1343
D:\BiYe\Gan\Demoise\data\test_109.png,1344
D:\BiYe\Gan\Demoise\data\test_110.png,1345
D:\BiYe\Gan\Demoise\data\test_111.png,1346
D:\BiYe\Gan\Demoise\data\test_112.png,1347
D:\BiYe\Gan\Demoise\data\test_113.png,1348
D:\BiYe\Gan\Demoise\data\test_114.png,1349
D:\BiYe\Gan\Demoise\data\test_115.png,1350
D:\BiYe\Gan\Demoise\data\test_116.png,1351
D:\BiYe\Gan\Demoise\data\test_117.png,1352
D:\BiYe\Gan\Demoise\data\test_118.png,1353
D:\BiYe\Gan\Demoise\data\test_119.png,1354
D:\BiYe\Gan\Demoise\data\test_120.png,1355
D:\BiYe\Gan\Demoise\data\test_121.png,1356
D:\BiYe\Gan\Demoise\data\test_122.png,1357
D:\BiYe\Gan\Demoise\data\test_123.png,1358
D:\BiYe\Gan\Demoise\data\test_124.png,1359
D:\BiYe\Gan\Demoise\data\test_125.png,1360
D:\BiYe\Gan\Demoise\data\test_126.png,1361
D:\BiYe\Gan\Demoise\data\test_127.png,1362
D:\BiYe\Gan\Demoise\data\test_128.png,1363
D:\BiYe\Gan\Demoise\data\test_129.png,1364
D:\BiYe\Gan\Demoise\data\test_130.png,1365
D:\BiYe\Gan\Demoise\data\test_131.png,1366
D:\BiYe\Gan\Demoise\data\test_132.png,1367
D:\BiYe\Gan\Demoise\data\test_133.png,1368
D:\BiYe\Gan\Demoise\data\test_134.png,1369
D:\BiYe\Gan\Demoise\data\test_135.png,1370
D:\BiYe\Gan\Demoise\data\test_136.png,1371
D:\BiYe\Gan\Demoise\data\test_137.png,1372
D:\BiYe\Gan\Demoise\data\test_138.png,1373
D:\BiYe\Gan\Demoise\data\test_139.png,1374
D:\BiYe\Gan\Demoise\data\test_140.png,1375
D:\BiYe\Gan\Demoise\data\test_141.png,1376
D:\BiYe\Gan\Demoise\data\test_142.png,1377
D:\BiYe\Gan\Demoise\data\test_143.png,1378
D:\BiYe\Gan\Demoise\data\test_144.png,1379
D:\BiYe\Gan\Demoise\data\test_145.png,1380
D:\BiYe\Gan\Demoise\data\test_146.png,1381
D:\BiYe\Gan\Demoise\data\test_147.png,1382
D:\BiYe\Gan\Demoise\data\test_148.png,1383
D:\BiYe\Gan\Demoise\data\test_149.png,1384
D:\BiYe\Gan\Demoise\data\test_150.png,1385
D:\BiYe\Gan\Demoise\data\test_151.png,1386
D:\BiYe\Gan\Demoise\data\test_152.png,1387
D:\BiYe\Gan\Demoise\data\test_153.png,1388
D:\BiYe\Gan\Demoise\data\test_154.png,1389
D:\BiYe\Gan\Demoise\data\test_155.png,1390
D:\BiYe\Gan\Demoise\data\test_156.png,1391
D:\BiYe\Gan\Demoise\data\test_157.png,1392
D:\BiYe\Gan\Demoise\data\test_158.png,1393
D:\BiYe\Gan\Demoise\data\test_159.png,1394
D:\BiYe\Gan\Demoise\data\test_160.png,1395
D:\BiYe\Gan\Demoise\data\test_161.png,1396
D:\BiYe\Gan\Demoise\data\test_162.png,1397
D:\BiYe\Gan\Demoise\data\test_163.png,1398
D:\BiYe\Gan\Demoise\data\test_164.png,1399
D:\BiYe\Gan\Demoise\data\test_165.png,1400
D:\BiYe\Gan\Demoise\data\test_166.png,1401
D:\BiYe\Gan\Demoise\data\test_167.png,1402
D:\BiYe\Gan\Demoise\data\test_168.png,1403
D:\BiYe\Gan\Demoise\data\test_169.png,1404
D:\BiYe\Gan\Demoise\data\test_170.png,1405
D:\BiYe\Gan\Demoise\data\test_171.png,1406
D:\BiYe\Gan\Demoise\data\test_172.png,1407
D:\BiYe\Gan\Demoise\data\test_173.png,1408
D:\BiYe\Gan\Demoise\data\test_174.png,1409
D:\BiYe\Gan\Demoise\data\test_175.png,1410
D:\BiYe\Gan\Demoise\data\test_176.png,1411
D:\BiYe\Gan\Demoise\data\test_177.png,1412
D:\BiYe\Gan\Demoise\data\test_178.png,1413
D:\BiYe\Gan\Demoise\data\test_179.png,1414
D:\BiYe\Gan\Demoise\data\test_180.png,1415
D:\BiYe\Gan\Demoise\data\test_181.png,1416
D:\BiYe\Gan\Demoise\data\test_182.png,1417
D:\BiYe\Gan\Demoise\data\test_183.png,1418
D:\BiYe\Gan\Demoise\data\test_184.png,1419
D:\BiYe\Gan\Demoise\data\test_185.png,1420
D:\BiYe\Gan\Demoise\data\test_186.png,1421
D:\BiYe\Gan\Demoise\data\test_187.png,1422
D:\BiYe\Gan\Demoise\data\test_188.png,1423
D:\BiYe\Gan\Demoise\data\test_189.png,1424
D:\BiYe\Gan\Demoise\data\test_190.png,1425
D:\BiYe\Gan\Demoise\data\test_191.png,1426
D:\BiYe\Gan\Demoise\data\test_192.png,1427
D:\BiYe\Gan\Demoise\data\test_193.png,1428
D:\BiYe\Gan\Demoise\data\test_194.png,1429
D:\BiYe\Gan\Demoise\data\test_195.png,1430
D:\BiYe\Gan\Demoise\data\test_196.png,1431
D:\BiYe\Gan\Demoise\data\test_197.png,1432
D:\BiYe\Gan\Demoise\data\test_198.png,1433
D:\BiYe\Gan\Demoise\data\test_199.png,1434
D:\BiYe\Gan\Demoise\data\test_200.png,1435
D:\BiYe\Gan\Demoise\data\test_201.png,1436
D:\BiYe\Gan\Demoise\data\test_202.png,1437
D:\BiYe\Gan\Demoise\data\test_203.png,1438
D:\BiYe\Gan\Demoise\data\test_204.png,1439
D:\BiYe\Gan\Demoise\data\test_205.png,1440
D:\BiYe\Gan\Demoise\data\test_206.png,1441
D:\BiYe\Gan\Demoise\data\test_207.png,1442
D:\BiYe\Gan\Demoise\data\test_208.png,1443
D:\BiYe\Gan\Demoise\data\test_209.png,1444
D:\BiYe\Gan\Demoise\data\test_210.png,1445
D:\BiYe\Gan\Demoise\data\test_211.png,1446
D:\BiYe\Gan\Demoise\data\test_212.png,1447
D:\BiYe\Gan\Demoise\data\test_213.png,1448
D:\BiYe\Gan\Demoise\data\test_214.png,1449
D:\BiYe\Gan\Demoise\data\test_215.png,1450
D:\BiYe\Gan\Demoise\data\test_216.png,1451
D:\BiYe\Gan\Demoise\data\test_217.png,1452
D:\BiYe\Gan\Demoise\data\test_218.png,1453
D:\BiYe\Gan\Demoise\data\test_219.png,1454
D:\BiYe\Gan\Demoise\data\test_220.png,1455
D:\BiYe\Gan\Demoise\data\test_221.png,1456
D:\BiYe\Gan\Demoise\data\test_222.png,1457
D:\BiYe\Gan\Demoise\data\test_223.png,1458
D:\BiYe\Gan\Demoise\data\test_224.png,1459
D:\BiYe\Gan\Demoise\data\test_225.png,1460
D:\BiYe\Gan\Demoise\data\test_226.png,1461
D:\BiYe\Gan\Demoise\data\test_227.png,1462
D:\BiYe\Gan\Demoise\data\test_228.png,1463
D:\BiYe\Gan\Demoise\data\test_229.png,1464
D:\BiYe\Gan\Demoise\data\test_230.png,1465
D:\BiYe\Gan\Demoise\data\test_231.png,1466
D:\BiYe\Gan\Demoise\data\test_232.png,1467
D:\BiYe\Gan\Demoise\data\test_233.png,1468
D:\BiYe\Gan\Demoise\data\test_234.png,1469
D:\BiYe\Gan\Demoise\data\test_235.png,1470
D:\BiYe\Gan\Demoise\data\test_236.png,1471
D:\BiYe\Gan\Demoise\data\test_237.png,1472
D:\BiYe\Gan\Demoise\data\test_238.png,1473
D:\BiYe\Gan\Demoise\data\test_239.png,1474
D:\BiYe\Gan\Demoise\data\test_240.png,1475
D:\BiYe\Gan\Demoise\data\test_241.png,1476
D:\BiYe\Gan\Demoise\data\test_242.png,1477
D:\BiYe\Gan\Demoise\data\test_243.png,1478
D:\BiYe\Gan\Demoise\data\test_244.png,1479
D:\BiYe\Gan\Demoise\data\test_245.png,1480
D:\BiYe\Gan\Demoise\data\test_246.png,1481
D:\BiYe\Gan\Demoise\data\test_247.png,1482
D:\BiYe\Gan\Demoise\data\test_248.png,1483
D:\BiYe\Gan\Demoise\data\test_249.png,1484
D:\BiYe\Gan\Demoise\data\test_250.png,1485
D:\BiYe\Gan\Demoise\data\test_251.png,1486
D:\BiYe\Gan\Demoise\data\test_252.png,1487
D:\BiYe\Gan\Demoise\data\test_253.png,1488
D:\BiYe\Gan\Demoise\data\test_254.png,1489
D:\BiYe\Gan\Demoise\data\test_255.png,1490
D:\BiYe\Gan\Demoise\data\test_256.png,1491
D:\BiYe\Gan\Demoise\data\test_257.png,1492
D:\BiYe\Gan\Demoise\data\test_258.png,1493
D:\BiYe\Gan\Demoise\data\test_259.png,1494
D:\BiYe\Gan\Demoise\data\test_260.png,1495
D:\BiYe\Gan\Demoise\data\test_261.png,1496
D:\BiYe\Gan\Demoise\data\test_262.png,1497
D:\BiYe\Gan\Demoise\data\test_263.png,1498
D:\BiYe\Gan\Demoise\data\test_264.png,1499
D:\BiYe\Gan\Demoise\data\test_265.png,1500
D:\BiYe\Gan\Demoise\data\test_266.png,1501
D:\BiYe\Gan\Demoise\data\test_267.png,1502
D:\BiYe\Gan\Demoise\data\test_268.png,1503
D:\BiYe\Gan\Demoise\data\test_269.png,1504
D:\BiYe\Gan\Demoise\data\test_270.png,1505
D:\BiYe\Gan\Demoise\data\test_271.png,1506
D:\BiYe\Gan\Demoise\data\test_272.png,1507
D:\BiYe\Gan\Demoise\data\test_273.png,1508
D:\BiYe\Gan\Demoise\data\test_274.png,1509
D:\BiYe\Gan\Demoise\data\test_275.png,1510
D:\BiYe\Gan\Demoise\data\test_276.png,1511
D:\BiYe\Gan\Demoise\data\test_277.png,1512
D:\BiYe\Gan\Demoise\data\test_278.png,1513
D:\BiYe\Gan\Demoise\data\test_279.png,1514
D:\BiYe\Gan\Demoise\data\test_280.png,1515
D:\BiYe\Gan\Demoise\data\test_281.png,1516
D:\BiYe\Gan\Demoise\data\test_282.png,1517
D:\BiYe\Gan\Demoise\data\test_283.png,1518
D:\BiYe\Gan\Demoise\data\test_284.png,1519
D:\BiYe\Gan\Demoise\data\test_285.png,1520
D:\BiYe\Gan\Demoise\data\test_286.png,1521
D:\BiYe\Gan\Demoise\data\test_287.png,1522
D:\BiYe\Gan\Demoise\data\test_288.png,1523
D:\BiYe\Gan\Demoise\data\test_289.png,1524
D:\BiYe\Gan\Demoise\data\test_290.png,1525
D:\BiYe\Gan\Demoise\data\test_291.png,1526
D:\BiYe\Gan\Demoise\data\test_292.png,1527
D:\BiYe\Gan\Demoise\data\test_293.png,1528
D:\BiYe\Gan\Demoise\data\test_294.png,1529
D:\BiYe\Gan\Demoise\data\test_295.png,1530
D:\BiYe\Gan\Demoise\data\test_296.png,1531
D:\BiYe\Gan\Demoise\data\test_297.png,1532
D:\BiYe\Gan\Demoise\data\test_298.png,1533
D:\BiYe\Gan\Demoise\data\test_299.png,1534
D:\BiYe\Gan\Demoise\data\test_300.png,1535
D:\BiYe\Gan\Demoise\data\test_301.png,1536
D:\BiYe\Gan\Demoise\data\test_302.png,1537
D:\BiYe\Gan\Demoise\data\test_303.png,1538
D:\BiYe\Gan\Demoise\data\test_304.png,1539
D:\BiYe\Gan\Demoise\data\test_305.png,1540
D:\BiYe\Gan\Demoise\data\test_306.png,1541
D:\BiYe\Gan\Demoise\data\test_307.png,1542
D:\BiYe\Gan\Demoise\data\test_308.png,1543
D:\BiYe\Gan\Demoise\data\test_309.png,1544
D:\BiYe\Gan\Demoise\data\test_310.png,1545
D:\BiYe\Gan\Demoise\data\test_311.png,1546
D:\BiYe\Gan\Demoise\data\test_312.png,1547
D:\BiYe\Gan\Demoise\data\test_313.png,1548
D:\BiYe\Gan\Demoise\data\test_314.png,1549
D:\BiYe\Gan\Demoise\data\test_315.png,1550
D:\BiYe\Gan\Demoise\data\test_316.png,1551
D:\BiYe\Gan\Demoise\data\test_317.png,1552
D:\BiYe\Gan\Demoise\data\test_318.png,1553
D:\BiYe\Gan\Demoise\data\test_319.png,1554
D:\BiYe\Gan\Demoise\data\test_320.png,1555
D:\BiYe\Gan\Demoise\data\test_321.png,1556
D:\BiYe\Gan\Demoise\data\test_322.png,1557
D:\BiYe\Gan\Demoise\data\test_323.png,1558
D:\BiYe\Gan\Demoise\data\test_324.png,1559
D:\BiYe\Gan\Demoise\data\test_325.png,1560
D:\BiYe\Gan\Demoise\data\test_326.png,1561
D:\BiYe\Gan\Demoise\data\test_327.png,1562
D:\BiYe\Gan\Demoise\data\test_328.png,1563
D:\BiYe\Gan\Demoise\data\test_329.png,1564
D:\BiYe\Gan\Demoise\data\test_330.png,1565
D:\BiYe\Gan\Demoise\data\test_331.png,1566
D:\BiYe\Gan\Demoise\data\test_332.png,1567
D:\BiYe\Gan\Demoise\data\test_333.png,1568
D:\BiYe\Gan\Demoise\data\test_334.png,1569
D:\BiYe\Gan\Demoise\data\test_335.png,1570
D:\BiYe\Gan\Demoise\data\test_336.png,1571
D:\BiYe\Gan\Demoise\data\test_337.png,1572
D:\BiYe\Gan\Demoise\data\test_338.png,1573
D:\BiYe\Gan\Demoise\data\test_339.png,1574
D:\BiYe\Gan\Demoise\data\test_340.png,1575
D:\BiYe\Gan\Demoise\data\test_341.png,1576
D:\BiYe\Gan\Demoise\data\test_342.png,1577
D:\BiYe\Gan\Demoise\data\test_343.png,1578
D:\BiYe\Gan\Demoise\data\test_344.png,1579
D:\BiYe\Gan\Demoise\data\test_345.png,1580
D:\BiYe\Gan\Demoise\data\test_346.png,1581
D:\BiYe\Gan\Demoise\data\test_347.png,1582
D:\BiYe\Gan\Demoise\data\test_348.png,1583
D:\BiYe\Gan\Demoise\data\test_349.png,1584
D:\BiYe\Gan\Demoise\data\test_350.png,1585
D:\BiYe\Gan\Demoise\data\test_351.png,1586
D:\BiYe\Gan\Demoise\data\test_352.png,1587
D:\BiYe\Gan\Demoise\data\test_353.png,1588
D:\BiYe\Gan\Demoise\data\test_354.png,1589
D:\BiYe\Gan\Demoise\data\test_355.png,1590
D:\BiYe\Gan\Demoise\data\test_356.png,1591
D:\BiYe\Gan\Demoise\data\test_357.png,1592
D:\BiYe\Gan\Demoise\data\test_358.png,1593
D:\BiYe\Gan\Demoise\data\test_359.png,1594
D:\BiYe\Gan\Demoise\data\test_360.png,1595
D:\BiYe\Gan\Demoise\data\test_361.png,1596
D:\BiYe\Gan\Demoise\data\test_362.png,1597
D:\BiYe\Gan\Demoise\data\test_363.png,1598
D:\BiYe\Gan\Demoise\data\test_364.png,1599
D:\BiYe\Gan\Demoise\data\test_365.png,1600
D:\BiYe\Gan\Demoise\data\test_366.png,1601
D:\BiYe\Gan\Demoise\data\test_367.png,1602
D:\BiYe\Gan\Demoise\data\test_368.png,1603
D:\BiYe\Gan\Demoise\data\test_369.png,1604
D:\BiYe\Gan\Demoise\data\test_370.png,1605
D:\BiYe\Gan\Demoise\data\test_371.png,1606
D:\BiYe\Gan\Demoise\data\test_372.png,1607
D:\BiYe\Gan\Demoise\data\test_373.png,1608
D:\BiYe\Gan\Demoise\data\test_374.png,1609
D:\BiYe\Gan\Demoise\data\test_375.png,1610
D:\BiYe\Gan\Demoise\data\test_376.png,1611
D:\BiYe\Gan\Demoise\data\test_377.png,1612
D:\BiYe\Gan\Demoise\data\test_378.png,1613
D:\BiYe\Gan\Demoise\data\test_379.png,1614
D:\BiYe\Gan\Demoise\data\test_380.png,1615
D:\BiYe\Gan\Demoise\data\test_381.png,1616
D:\BiYe\Gan\Demoise\data\test_382.png,1617
D:\BiYe\Gan\Demoise\data\test_383.png,1618
D:\BiYe\Gan\Demoise\data\test_384.png,1619
D:\BiYe\Gan\Demoise\data\test_385.png,1620
D:\BiYe\Gan\Demoise\data\test_386.png,1621
D:\BiYe\Gan\Demoise\data\test_387.png,1622
D:\BiYe\Gan\Demoise\data\test_388.png,1623
D:\BiYe\Gan\Demoise\data\test_389.png,1624
D:\BiYe\Gan\Demoise\data\test_390.png,1625
D:\BiYe\Gan\Demoise\data\test_391.png,1626
D:\BiYe\Gan\Demoise\data\test_392.png,1627
D:\BiYe\Gan\Demoise\data\test_393.png,1628
D:\BiYe\Gan\Demoise\data\test_394.png,1629
D:\BiYe\Gan\Demoise\data\test_395.png,1630
D:\BiYe\Gan\Demoise\data\test_396.png,1631
D:\BiYe\Gan\Demoise\data\test_397.png,1632
D:\BiYe\Gan\Demoise\data\test_398.png,1633
D:\BiYe\Gan\Demoise\data\test_399.png,1634
D:\BiYe\Gan\Demoise\data\test_400.png,1635
D:\BiYe\Gan\Demoise\data\test_401.png,1636
D:\BiYe\Gan\Demoise\data\test_402.png,1637
D:\BiYe\Gan\Demoise\data\test_403.png,1638
D:\BiYe\Gan\Demoise\data\test_404.png,1639
D:\BiYe\Gan\Demoise\data\test_405.png,1640
D:\BiYe\Gan\Demoise\data\test_406.png,1641
D:\BiYe\Gan\Demoise\data\test_407.png,1642
D:\BiYe\Gan\Demoise\data\test_408.png,1643
D:\BiYe\Gan\Demoise\data\test_409.png,1644
D:\BiYe\Gan\Demoise\data\test_410.png,1645
D:\BiYe\Gan\Demoise\data\test_411.png,1646
D:\BiYe\Gan\Demoise\data\test_412.png,1647
